标题,参考价,京东价,京东链接,产品图片,产品参数,适用类型,CPU系列,CPU主频,最高睿频,三级缓存,插槽类型,核心数量,线程数,制作工艺,热设计功耗(TDP),动态加速频率,封装大小
AMD 速龙 X4 860K（盒）,199,,,https://2a.zol-img.com.cn/product/221_320x240/784/ceoWP4NXuaPY.jpg,"适用类型：台式机
CPU系列：速龙 X4
CPU主频：3.7GHz
动态加速频率：4GHz
插槽类型：Socket FM2+
三级缓存：暂无数据
核心数量：四核心
线程数：四线程",台式机,速龙 X4,3.7GHz,,暂无数据,Socket FM2+,四核心,四线程,,,4GHz,
AMD A6-7400K（盒）,209,,,https://2e.zol-img.com.cn/product/223_320x240/564/cePCeDVDft0s2.jpg,"适用类型：台式机
CPU系列：APU A6
CPU主频：3.5GHz
动态加速频率：3.9GHz
插槽类型：Socket FM2+
三级缓存：暂无数据
核心数量：双核心
热设计功耗(TDP)：65W",台式机,APU A6,3.5GHz,,暂无数据,Socket FM2+,双核心,,,65W,3.9GHz,
AMD APU系列 A6-7480,210,,,https://2e.zol-img.com.cn/product/196_320x240/484/ceYVPJ3H30tac.jpg,"适用类型：台式机
CPU系列：APU A6
CPU主频：3.5GHz
动态加速频率：3.8GHz
插槽类型：Socket FM2+
三级缓存：暂无数据
核心数量：双核心
热设计功耗(TDP)：65W",台式机,APU A6,3.5GHz,,暂无数据,Socket FM2+,双核心,,,65W,3.8GHz,
AMD 速龙II X4 870K（盒）,278,,,https://2a.zol-img.com.cn/product/223_320x240/476/ceVQhnI3LxSGc.jpg,"适用类型：台式机
CPU系列：速龙 X4
CPU主频：3.9GHz
动态加速频率：4.1GHz
插槽类型：Socket FM2+
三级缓存：暂无数据
核心数量：四核心
热设计功耗(TDP)：95W",台式机,速龙 X4,3.9GHz,,暂无数据,Socket FM2+,四核心,,,95W,4.1GHz,
Intel 赛扬 G5900,289,,,https://2a.zol-img.com.cn/product/222_320x240/768/ceQierYz5cwj6.jpg,"适用类型：台式机
CPU系列：赛扬 G系列
CPU主频：3.4GHz
动态加速频率：暂无数据
三级缓存：2MB
插槽类型：LGA 1200
核心数量：双核心
线程数：双线程",台式机,赛扬 G系列,3.4GHz,,2MB,LGA 1200,双核心,双线程,,,暂无数据,
Intel 赛扬 G5905,290,,,https://2a.zol-img.com.cn/product/222_320x240/768/ceQierYz5cwj6.jpg,"适用类型：台式机
CPU系列：赛扬 G系列
CPU主频：3.5GHz
动态加速频率：暂无数据
三级缓存：4MB
插槽类型：LGA 1200
核心数量：双核心
线程数：双线程",台式机,赛扬 G系列,3.5GHz,,4MB,LGA 1200,双核心,双线程,,,暂无数据,
AMD A10-9700,329,,,https://2b.zol-img.com.cn/product/223_320x240/219/ce0LQbTLvEMfw.jpg,"适用类型：台式机
CPU系列：APU A10
CPU主频：3.5GHz
动态加速频率：3.8GHz
插槽类型：Socket AM4
三级缓存：暂无数据
核心数量：四核心
热设计功耗(TDP)：65W",台式机,APU A10,3.5GHz,,暂无数据,Socket AM4,四核心,,,65W,3.8GHz,
Intel 赛扬 G4930,339,,,https://2f.zol-img.com.cn/product/222_320x240/767/ceZgq4A7laNA2.jpg,"适用类型：台式机
CPU系列：赛扬 G系列
CPU主频：3.2GHz
动态加速频率：暂无数据
三级缓存：2MB
封装大小：37.5×37.5mm
核心数量：双核心
线程数：双线程",台式机,赛扬 G系列,3.2GHz,,2MB,,双核心,双线程,,,暂无数据,37.5×37.5mm
AMD APU系列 A8-7680,369,,,https://2d.zol-img.com.cn/product/195_320x240/865/ceWuuS82ul6.jpg,"适用类型：台式机
CPU系列：APU A8
CPU主频：3.5GHz
动态加速频率：3.8GHz
插槽类型：Socket FM2+
三级缓存：暂无数据
核心数量：四核心
热设计功耗(TDP)：45W",台式机,APU A8,3.5GHz,,暂无数据,Socket FM2+,四核心,,,45W,3.8GHz,
Intel 赛扬 G5925,389,,,https://2a.zol-img.com.cn/product/222_320x240/768/ceQierYz5cwj6.jpg,"适用类型：台式机
CPU系列：赛扬 G系列
CPU主频：3.6GHz
动态加速频率：暂无数据
三级缓存：4MB
插槽类型：LGA 1200
核心数量：双核心
线程数：双线程",台式机,赛扬 G系列,3.6GHz,,4MB,LGA 1200,双核心,双线程,,,暂无数据,
AMD Athlon 200GE,395,,,https://2e.zol-img.com.cn/product/223_320x240/210/ceqsw0nMrt8Y.jpg,"适用类型：台式机
CPU系列：速龙
CPU主频：3.2GHz
动态加速频率：暂无数据
三级缓存：4MB
插槽类型：Socket AM4
核心数量：双核心
线程数：四线程",台式机,速龙,3.2GHz,,4MB,Socket AM4,双核心,四线程,,,暂无数据,
Intel 赛扬 G5920,399,,,https://2a.zol-img.com.cn/product/222_320x240/768/ceQierYz5cwj6.jpg,"适用类型：台式机
CPU系列：赛扬 G系列
CPU主频：3.5GHz
动态加速频率：暂无数据
三级缓存：2MB
插槽类型：LGA 1200
核心数量：双核心
线程数：双线程",台式机,赛扬 G系列,3.5GHz,,2MB,LGA 1200,双核心,双线程,,,暂无数据,
Intel 奔腾金牌 G6405,430,489.0,https://union-click.jd.com/sem.php?unionId=281&siteid=20170818001&to=https://item.jd.com/10036130619501.html,https://2f.zol-img.com.cn/product/224_320x240/189/ceAhegigExXBs.jpg,"适用类型：PC/Tablet
CPU系列：奔腾金牌
CPU主频：4.1GHz
动态加速频率：暂无数据
三级缓存：4MB
插槽类型：LGA1200
核心数量：双核心
线程数：四线程",PC/Tablet,奔腾金牌,4.1GHz,,4MB,LGA1200,双核心,四线程,,,暂无数据,
AMD Athlon 3000G,450,,,https://2a.zol-img.com.cn/product/221_320x240/520/ceT1sWLSBdFI.jpg,"适用类型：台式机
CPU系列：速龙
CPU主频：3.5GHz
动态加速频率：暂无数据
三级缓存：4MB
插槽类型：Socket AM4
核心数量：双核心
线程数：四线程",台式机,速龙,3.5GHz,,4MB,Socket AM4,双核心,四线程,,,暂无数据,
Intel 奔腾金牌 G6400,499,,,https://2a.zol-img.com.cn/product/223_320x240/786/ce5RHJz6DQ4xU.jpg,"适用类型：台式机
CPU系列：奔腾双核
CPU主频：4GHz
动态加速频率：暂无数据
三级缓存：4MB
插槽类型：LGA 1200
核心数量：双核心
线程数：四线程",台式机,奔腾双核,4GHz,,4MB,LGA 1200,双核心,四线程,,,暂无数据,
Intel 奔腾金牌 G5420,509,,,https://2a.zol-img.com.cn/product/223_320x240/792/ce2OKGzsyL0Hk.jpg,"适用类型：台式机
CPU系列：奔腾双核
CPU主频：3.8GHz
动态加速频率：暂无数据
三级缓存：4MB
封装大小：37.5×37.5mm
核心数量：双核心
线程数：四线程",台式机,奔腾双核,3.8GHz,,4MB,,双核心,四线程,,,暂无数据,37.5×37.5mm
Intel 奔腾双核 G4400,538,,,https://2c.zol-img.com.cn/product/223_320x240/788/ceLp9o4zXJhKI.jpg,"适用类型：台式机
CPU系列：奔腾双核
CPU主频：3.3GHz
动态加速频率：暂无数据
三级缓存：3MB
插槽类型：LGA 1151
核心数量：双核心
线程数：双线程",台式机,奔腾双核,3.3GHz,,3MB,LGA 1151,双核心,双线程,,,暂无数据,
AMD Ryzen 3 2200G,539,,,https://2a.zol-img.com.cn/product/188_320x240/598/ceyXzuTFclew.jpg,"适用类型：台式机
CPU系列：Ryzen 3
CPU主频：3.5GHz
动态加速频率：3.7GHz
三级缓存：4MB
插槽类型：Socket AM4
核心数量：四核心
线程数：四线程",台式机,Ryzen 3,3.5GHz,,4MB,Socket AM4,四核心,四线程,,,3.7GHz,
Intel 酷睿i3 10105F,560,,,https://2c.zol-img.com.cn/product/220_320x240/634/ce4iE5Wa3zQPk.jpg,"适用类型：台式机
CPU系列：酷睿i3 10代系列
CPU主频：3.7GHz
最高睿频：4.4GHz
三级缓存：6MB
插槽类型：LGA 1200
核心数量：四核心
线程数：八线程",台式机,酷睿i3 10代系列,3.7GHz,4.4GHz,6MB,LGA 1200,四核心,八线程,,,,
Intel 奔腾 G5500,599,,,https://2c.zol-img.com.cn/product/223_320x240/794/ce7Dp1rOgbI.jpg,"适用类型：台式机
CPU系列：奔腾双核
CPU主频：3.8GHz
动态加速频率：暂无数据
三级缓存：4MB
插槽类型：LGA 1151
核心数量：双核心
线程数：四线程",台式机,奔腾双核,3.8GHz,,4MB,LGA 1151,双核心,四线程,,,暂无数据,
Intel 酷睿i3 10100F,630,899.0,https://union-click.jd.com/sem.php?unionId=281&siteid=20170818001&to=https://item.jd.com/13903759499.html,https://2b.zol-img.com.cn/product/221_320x240/363/ceiDYJEyX9tek.jpg,"适用类型：台式机
CPU系列：酷睿i3 10代系列
CPU主频：3.6GHz
最高睿频：4.3GHz
三级缓存：6MB
插槽类型：LGA 1200
核心数量：四核心
线程数：八线程",台式机,酷睿i3 10代系列,3.6GHz,4.3GHz,6MB,LGA 1200,四核心,八线程,,,,
Intel 奔腾金牌 G7400,679,,,https://2f.zol-img.com.cn/product/223_320x240/845/ceammDbO25ZKg.jpg,"适用类型：台式机
CPU系列：奔腾双核
CPU主频：3.7GHz
动态加速频率：暂无数据
三级缓存：6MB
插槽类型：LGA 1700
核心数量：双核心
线程数：四线程",台式机,奔腾双核,3.7GHz,,6MB,LGA 1700,双核心,四线程,,,暂无数据,
Intel 酷睿 i3 14100F,699,699.0,https://union-click.jd.com/sem.php?unionId=281&siteid=20170818001&to=https://item.jd.com/100086706802.html,https://2a.zol-img.com.cn/product/270_320x240/696/ceM6x6X4a1Q.jpg,"适用类型：台式机
CPU系列：酷睿i3 14代系列
CPU主频：3.5GHz
最高睿频：4.7GHz
三级缓存：12MB
插槽类型：LGA 1700
核心数量：4核心
线程数：8线程",台式机,酷睿i3 14代系列,3.5GHz,4.7GHz,12MB,LGA 1700,4核心,8线程,,,,
AMD Ryzen 3 4100,699,,,https://2a.zol-img.com.cn/product/221_320x240/280/ceiS91FzRDb9M.jpg,"适用类型：台式机
CPU系列：AMD Ryzen 3 4000
CPU主频：3.8GHz
动态加速频率：4GHz
插槽类型：Socket AM4
三级缓存：暂无数据
核心数量：四核心
线程数：八线程",台式机,AMD Ryzen 3 4000,3.8GHz,,暂无数据,Socket AM4,四核心,八线程,,,4GHz,
AMD Ryzen 3 3100,779,,,https://2b.zol-img.com.cn/product/205_320x240/831/ceaI9l0MHpT6.jpg,"适用类型：台式机
CPU系列：Ryzen 3
CPU主频：3.6GHz
动态加速频率：3.9GHz
三级缓存：16MB
插槽类型：Socket AM4
核心数量：四核心
线程数：八线程",台式机,Ryzen 3,3.6GHz,,16MB,Socket AM4,四核心,八线程,,,3.9GHz,
AMD Ryzen 3 PRO 3200G,789,,,https://2b.zol-img.com.cn/product/223_320x240/173/cefldBFUE3No.jpg,"适用类型：台式机
CPU系列：Ryzen 3 PRO
CPU主频：3.6GHz
动态加速频率：4GHz
三级缓存：4MB
插槽类型：AM4
核心数量：四核心
线程数：四线程",台式机,Ryzen 3 PRO,3.6GHz,,4MB,AM4,四核心,四线程,,,4GHz,
Intel 酷睿i3 10105,790,699.0,https://union-click.jd.com/sem.php?unionId=281&siteid=20170818001&to=https://item.jd.com/10057134757434.html,https://2c.zol-img.com.cn/product/220_320x240/984/ceEACyOgsqc9c.jpg,"适用类型：台式机
CPU系列：酷睿i3 10代系列
CPU主频：3.7GHz
最高睿频：4.4GHz
三级缓存：6MB
插槽类型：LGA 1200
核心数量：四核心
线程数：八线程",台式机,酷睿i3 10代系列,3.7GHz,4.4GHz,6MB,LGA 1200,四核心,八线程,,,,
AMD Ryzen Threadripper 1920X,799,,,https://2f.zol-img.com.cn/product/221_320x240/201/ceDD6L9i7WFLc.jpg,"适用类型：台式机
CPU系列：AMD Ryzen Threadripper 1000
CPU主频：3.5GHz
动态加速频率：4GHz
三级缓存：32MB
插槽类型：Socket TR4
核心数量：十二核心
线程数：二十四线程",台式机,AMD Ryzen Threadripper 1000,3.5GHz,,32MB,Socket TR4,十二核心,二十四线程,,,4GHz,
Intel 酷睿i3 9100F,799,139.0,https://union-click.jd.com/sem.php?unionId=281&siteid=20170818001&to=https://item.jd.com/10090395528085.html,https://2c.zol-img.com.cn/product/221_320x240/490/ceWaftSBEiVFI.jpg,"适用类型：台式机
CPU系列：酷睿i3 9代系列
CPU主频：3.6GHz
最高睿频：4.2GHz
三级缓存：6MB
插槽类型：LGA 1151
核心数量：四核心
线程数：四线程",台式机,酷睿i3 9代系列,3.6GHz,4.2GHz,6MB,LGA 1151,四核心,四线程,,,,
Intel 酷睿 i3 12100F,850,549.0,https://union-click.jd.com/sem.php?unionId=281&siteid=20170818001&to=https://item.jd.com/10036126341929.html,https://2f.zol-img.com.cn/product/221_320x240/145/ceJWoexPEVoc.jpg,"适用类型：台式机
CPU系列：酷睿i3 12代系列
CPU主频：3.3GHz
最高睿频：4.3GHz
三级缓存：12MB
插槽类型：LGA 1700
核心数量：四核心
线程数：八线程",台式机,酷睿i3 12代系列,3.3GHz,4.3GHz,12MB,LGA 1700,四核心,八线程,,,,
Intel 酷睿i3 8350K,869,235.0,https://union-click.jd.com/sem.php?unionId=281&siteid=20170818001&to=https://item.jd.com/10099506812721.html,https://2f.zol-img.com.cn/product/223_320x240/167/ce7vkOFfAgI.jpg,"适用类型：台式机
CPU系列：酷睿i3 8代系列
CPU主频：4GHz
动态加速频率：暂无数据
三级缓存：8MB
插槽类型：LGA 1151
核心数量：四核心
线程数：四线程",台式机,酷睿i3 8代系列,4GHz,,8MB,LGA 1151,四核心,四线程,,,暂无数据,
Intel 酷睿i5 10400F,880,589.0,https://union-click.jd.com/sem.php?unionId=281&siteid=20170818001&to=https://item.jd.com/100006897507.html,https://2e.zol-img.com.cn/product/223_320x240/194/cePwWOhsarBI.jpg,"适用类型：台式机
CPU系列：酷睿i5 10代系列
CPU主频：2.9GHz
最高睿频：4.3GHz
三级缓存：12MB
插槽类型：LGA 1200
核心数量：六核心
线程数：十二线程",台式机,酷睿i5 10代系列,2.9GHz,4.3GHz,12MB,LGA 1200,六核心,十二线程,,,,
Intel 酷睿i3 10100,899,,,https://2b.zol-img.com.cn/product/221_320x240/369/cebZKGryyTQDc.jpg,"适用类型：台式机
CPU系列：酷睿i3 10代系列
CPU主频：3.6GHz
最高睿频：4.3GHz
三级缓存：6MB
插槽类型：LGA 1200
核心数量：四核心
线程数：八线程",台式机,酷睿i3 10代系列,3.6GHz,4.3GHz,6MB,LGA 1200,四核心,八线程,,,,
AMD Ryzen 7 2700,899,,,https://2c.zol-img.com.cn/product/223_320x240/216/cepNPe30mMvXA.jpg,"适用类型：台式机
CPU系列：AMD Ryzen 7 2000
CPU主频：3.2GHz
动态加速频率：4.1GHz
三级缓存：16MB
插槽类型：Socket AM4
核心数量：八核心
线程数：十六线程",台式机,AMD Ryzen 7 2000,3.2GHz,,16MB,Socket AM4,八核心,十六线程,,,4.1GHz,
Intel 酷睿i3 8100,899,140.0,https://union-click.jd.com/sem.php?unionId=281&siteid=20170818001&to=https://item.jd.com/10099506812718.html,https://2d.zol-img.com.cn/product/223_320x240/153/ceC0gTVQqa7Xg.jpg,"适用类型：台式机
CPU系列：酷睿i3 8代系列
CPU主频：3.6GHz
动态加速频率：暂无数据
三级缓存：6MB
插槽类型：LGA 1151
核心数量：四核心
线程数：四线程",台式机,酷睿i3 8代系列,3.6GHz,,6MB,LGA 1151,四核心,四线程,,,暂无数据,
AMD Ryzen 3 3300X,899,,,https://2a.zol-img.com.cn/product/205_320x240/812/ceHH01GdYNz1E.jpg,"适用类型：台式机
CPU系列：Ryzen 3
CPU主频：3.8GHz
动态加速频率：4.3GHz
三级缓存：16MB
插槽类型：Socket AM4
核心数量：四核心
线程数：八线程",台式机,Ryzen 3,3.8GHz,,16MB,Socket AM4,四核心,八线程,,,4.3GHz,
AMD Ryzen 5 5500GT,939,,,https://2d.zol-img.com.cn/product/259_320x240/733/ceEVbKQy8iSOA.jpg,"适用类型：台式机
CPU系列：AMD Ryzen 5 5000系列
CPU主频：3.6GHz
动态加速频率：4.4GHz
三级缓存：16MB
插槽类型：Socket AM4
核心数量：6核心
线程数：12线程",台式机,AMD Ryzen 5 5000系列,3.6GHz,,16MB,Socket AM4,6核心,12线程,,,4.4GHz,
AMD Ryzen 5 4500,939,399.0,https://union-click.jd.com/sem.php?unionId=281&siteid=20170818001&to=https://item.jd.com/10048328150391.html,https://2a.zol-img.com.cn/product/218_320x240/770/ce7Y9pwUQ4wDk.jpg,"适用类型：台式机
CPU系列：AMD Ryzen 5 4000
CPU主频：3.6GHz
动态加速频率：4.1GHz
插槽类型：Socket AM4
三级缓存：暂无数据
核心数量：六核心
线程数：十二线程",台式机,AMD Ryzen 5 4000,3.6GHz,,暂无数据,Socket AM4,六核心,十二线程,,,4.1GHz,
Intel 酷睿 i3 13100F,949,,,https://2d.zol-img.com.cn/product/226_320x240/437/ceLN4opg0nnN6.png,"CPU系列：酷睿i3 13代系列
适用类型：暂无数据
CPU主频：3.4GHz
最高睿频：4.5GHz
三级缓存：12MB
插槽类型：LGA 1700
核心数量：四核心
线程数：八线程",暂无数据,酷睿i3 13代系列,3.4GHz,4.5GHz,12MB,LGA 1700,四核心,八线程,,,,
AMD Ryzen 3 3200G,950,779.0,https://union-click.jd.com/sem.php?unionId=281&siteid=20170818001&to=https://item.jd.com/100007764578.html,https://2c.zol-img.com.cn/product/201_320x240/558/ceqgj8Y6m7Bg.jpg,"适用类型：台式机
CPU系列：Ryzen 3
CPU主频：3.6GHz
动态加速频率：4GHz
插槽类型：Socket AM4
三级缓存：暂无数据
核心数量：四核心
线程数：四线程",台式机,Ryzen 3,3.6GHz,,暂无数据,Socket AM4,四核心,四线程,,,4GHz,
Intel 酷睿 i3 12100,990,849.0,https://union-click.jd.com/sem.php?unionId=281&siteid=20170818001&to=https://item.jd.com/10027803346517.html,https://2e.zol-img.com.cn/product/221_320x240/144/ceJUKcloJ1Io.jpg,"适用类型：台式机
CPU系列：酷睿i3 12代系列
CPU主频：3.3GHz
最高睿频：4.3GHz
三级缓存：12MB
插槽类型：LGA 1700
核心数量：四核心
线程数：八线程",台式机,酷睿i3 12代系列,3.3GHz,4.3GHz,12MB,LGA 1700,四核心,八线程,,,,
AMD Ryzen 5 PRO 4650G,999,,,https://2f.zol-img.com.cn/product/223_320x240/901/cegTtH5kMLp0g.jpg,"适用类型：台式机
CPU系列：AMD Ryzen 5 4000
CPU主频：3.7GHz
动态加速频率：4.2GHz
三级缓存：8MB
插槽类型：Socket AM4
核心数量：六核心
线程数：十二线程",台式机,AMD Ryzen 5 4000,3.7GHz,,8MB,Socket AM4,六核心,十二线程,,,4.2GHz,
Intel 酷睿i3 9350KF,999,,,https://2e.zol-img.com.cn/product/221_320x240/492/ceSOtONlEYlCI.jpg,"适用类型：台式机
CPU系列：酷睿i3 9代系列
CPU主频：4GHz
最高睿频：4.6GHz
三级缓存：8MB
插槽类型：LGA 1151
核心数量：四核心
线程数：四线程",台式机,酷睿i3 9代系列,4GHz,4.6GHz,8MB,LGA 1151,四核心,四线程,,,,
AMD Ryzen 5 5600GT,1049,829.0,https://union-click.jd.com/sem.php?unionId=281&siteid=20170818001&to=https://item.jd.com/100085063817.html,https://2b.zol-img.com.cn/product/259_320x240/743/ceB5GqQaczcJo.jpg,"适用类型：台式机
CPU系列：AMD Ryzen 5 5000系列
CPU主频：3.6GHz
动态加速频率：4.6GHz
三级缓存：16MB
插槽类型：Socket AM4
核心数量：6核心
线程数：12线程",台式机,AMD Ryzen 5 5000系列,3.6GHz,,16MB,Socket AM4,6核心,12线程,,,4.6GHz,
AMD Ryzen 5 3500X,1099,429.0,https://union-click.jd.com/sem.php?unionId=281&siteid=20170818001&to=https://item.jd.com/67896139622.html,https://2b.zol-img.com.cn/product/222_320x240/317/celgb7zFCuSxs.jpg,"适用类型：台式机
CPU系列：AMD Ryzen 5 3000
CPU主频：3.6GHz
动态加速频率：4.1GHz
三级缓存：32MB
插槽类型：Socket AM4
核心数量：六核心
线程数：六线程",台式机,AMD Ryzen 5 3000,3.6GHz,,32MB,Socket AM4,六核心,六线程,,,4.1GHz,
Intel 奔腾 G5400,1099,,,https://2f.zol-img.com.cn/product/223_320x240/785/ceYKh77z1Dov6.jpg,"适用类型：台式机
CPU系列：奔腾双核
CPU主频：3.7GHz
动态加速频率：暂无数据
三级缓存：4MB
插槽类型：LGA 1151
核心数量：双核心
线程数：四线程",台式机,奔腾双核,3.7GHz,,4MB,LGA 1151,双核心,四线程,,,暂无数据,
AMD Ryzen 5 5500,1099,429.0,https://union-click.jd.com/sem.php?unionId=281&siteid=20170818001&to=https://item.jd.com/10048328150392.html,https://2c.zol-img.com.cn/product/220_320x240/748/ceAFZXHup6qN6.jpg,"适用类型：台式机
CPU系列：AMD Ryzen 5 5000
CPU主频：3.6GHz
动态加速频率：4.2GHz
插槽类型：Socket AM4
三级缓存：暂无数据
核心数量：六核心
线程数：十二线程",台式机,AMD Ryzen 5 5000,3.6GHz,,暂无数据,Socket AM4,六核心,十二线程,,,4.2GHz,
Intel 酷睿i5 9400F,1119,320.0,https://union-click.jd.com/sem.php?unionId=281&siteid=20170818001&to=https://item.jd.com/10092136983722.html,https://2c.zol-img.com.cn/product/220_320x240/898/ceFftsJaWtghc.jpg,"适用类型：台式机
CPU系列：酷睿i5 9代系列
CPU主频：2.9GHz
最高睿频：4.1GHz
三级缓存：9MB
插槽类型：LGA 1151
核心数量：六核心
线程数：六线程",台式机,酷睿i5 9代系列,2.9GHz,4.1GHz,9MB,LGA 1151,六核心,六线程,,,,
Intel 酷睿i5 11400F,1130,,,https://2a.zol-img.com.cn/product/221_320x240/96/cehlcA8XNAYf2.jpg,"适用类型：台式机
CPU系列：酷睿i5 11代系列
CPU主频：2.6GHz
最高睿频：4.4GHz
三级缓存：12MB
插槽类型：LGA 1200
核心数量：六核心
线程数：十二线程",台式机,酷睿i5 11代系列,2.6GHz,4.4GHz,12MB,LGA 1200,六核心,十二线程,,,,
Intel 酷睿i5 10400,1180,1809.0,https://union-click.jd.com/sem.php?unionId=281&siteid=20170818001&to=https://item.jd.com/10059513800794.html,https://2f.zol-img.com.cn/product/223_320x240/195/ceOicxTWpderQ.jpg,"适用类型：台式机
CPU系列：酷睿i5 10代系列
CPU主频：2.9GHz
最高睿频：4.3GHz
三级缓存：12MB
插槽类型：LGA 1200
核心数量：六核心
线程数：十二线程",台式机,酷睿i5 10代系列,2.9GHz,4.3GHz,12MB,LGA 1200,六核心,十二线程,,,,
AMD Ryzen 5 3600,1199,1239.0,https://union-click.jd.com/sem.php?unionId=281&siteid=20170818001&to=https://item.jd.com/10036373067007.html,https://2a.zol-img.com.cn/product/220_320x240/308/cebVMjCuiTkCc.png,"适用类型：台式机
CPU系列：AMD Ryzen 5 3000
CPU主频：3.6GHz
动态加速频率：4.2GHz
三级缓存：32MB
插槽类型：Socket AM4
核心数量：六核心
线程数：十二线程",台式机,AMD Ryzen 5 3000,3.6GHz,,32MB,Socket AM4,六核心,十二线程,,,4.2GHz,
AMD Ryzen 5 3400G,1210,,,https://2c.zol-img.com.cn/product/222_320x240/300/cepyJuoejlfSY.jpg,"适用类型：台式机
CPU系列：AMD Ryzen 5 3000
CPU主频：3.7GHz
动态加速频率：4.2GHz
插槽类型：Socket AM4
三级缓存：暂无数据
核心数量：四核心
线程数：八线程",台式机,AMD Ryzen 5 3000,3.7GHz,,暂无数据,Socket AM4,四核心,八线程,,,4.2GHz,
Intel 酷睿 i5 12400F,1210,839.0,https://union-click.jd.com/sem.php?unionId=281&siteid=20170818001&to=https://item.jd.com/100031035610.html,https://2c.zol-img.com.cn/product/220_320x240/648/ceCLWjtv5tp4o.jpg,"适用类型：台式机
CPU系列：酷睿i5 12代系列
CPU主频：2.5GHz
最高睿频：4.4GHz
三级缓存：18MB
插槽类型：LGA 1700
核心数量：暂无数据
线程数：暂无数据",台式机,酷睿i5 12代系列,2.5GHz,4.4GHz,18MB,LGA 1700,暂无数据,暂无数据,,,,
Intel 酷睿i5 10600KF,1230,540.0,https://union-click.jd.com/sem.php?unionId=281&siteid=20170818001&to=https://item.jd.com/10095958250567.html,https://2c.zol-img.com.cn/product/223_320x240/222/ceV89qm9CqEJE.jpg,"适用类型：台式机
CPU系列：酷睿i5 10代系列
CPU主频：4.1GHz
最高睿频：4.8GHz
三级缓存：12MB
插槽类型：LGA 1200
核心数量：六核心
线程数：十二线程",台式机,酷睿i5 10代系列,4.1GHz,4.8GHz,12MB,LGA 1200,六核心,十二线程,,,,
AMD Ryzen 5 7500F,1239,919.0,https://union-click.jd.com/sem.php?unionId=281&siteid=20170818001&to=https://item.jd.com/68482227543.html,https://2d.zol-img.com.cn/product/250_320x240/663/ceOPUAPfYhg1E.jpg,"适用类型：台式机
CPU系列：AMD Ryzen 5 7000系列
CPU主频：3.7GHz
最高睿频：5GHz
三级缓存：32MB
插槽类型：Socket AM5
核心数量：六核心
线程数：十二线程",台式机,AMD Ryzen 5 7000系列,3.7GHz,5GHz,32MB,Socket AM5,六核心,十二线程,,,,
Intel 酷睿 i5 12490F,1280,739.0,https://union-click.jd.com/sem.php?unionId=281&siteid=20170818001&to=https://item.jd.com/100037299996.html,https://2f.zol-img.com.cn/product/222_320x240/777/ceTanyqNhSNU.jpg,"适用类型：台式机
CPU系列：酷睿i5 12代系列
CPU主频：3GHz
最高睿频：4.6GHz
三级缓存：20MB
插槽类型：LGA 1700
核心数量：六核心
线程数：十二线程",台式机,酷睿i5 12代系列,3GHz,4.6GHz,20MB,LGA 1700,六核心,十二线程,,,,
Intel 酷睿i3 9100,1299,,,https://2c.zol-img.com.cn/product/221_320x240/484/ceKjPukxYZ8.jpg,"适用类型：台式机
CPU系列：酷睿i3 9代系列
CPU主频：3.6GHz
最高睿频：4.2GHz
三级缓存：6MB
插槽类型：LGA 1151
核心数量：四核心
线程数：四线程",台式机,酷睿i3 9代系列,3.6GHz,4.2GHz,6MB,LGA 1151,四核心,四线程,,,,
Intel 酷睿i5 9600KF,1299,,,https://2e.zol-img.com.cn/product/221_320x240/30/ce0zby8ivJE0E.jpg,"适用类型：台式机
CPU系列：酷睿i5 9代系列
CPU主频：3.7GHz
最高睿频：4.6GHz
三级缓存：9MB
插槽类型：LGA 1151
核心数量：六核心
线程数：六线程",台式机,酷睿i5 9代系列,3.7GHz,4.6GHz,9MB,LGA 1151,六核心,六线程,,,,
Intel 酷睿i5 11400,1359,,,https://2f.zol-img.com.cn/product/221_320x240/95/ceonrkAfm7lFo.jpg,"适用类型：台式机
CPU系列：酷睿i5 11代系列
CPU主频：2.6GHz
最高睿频：4.4GHz
三级缓存：12MB
插槽类型：LGA 1200
核心数量：六核心
线程数：十二线程",台式机,酷睿i5 11代系列,2.6GHz,4.4GHz,12MB,LGA 1200,六核心,十二线程,,,,
AMD Ryzen 5 5600,1359,559.0,https://union-click.jd.com/sem.php?unionId=281&siteid=20170818001&to=https://item.jd.com/10059568992326.html,https://2b.zol-img.com.cn/product/218_320x240/753/cepwqsh6FLpUY.jpg,"适用类型：台式机
CPU系列：AMD Ryzen 5 5000
CPU主频：3.5GHz
动态加速频率：4.4GHz
插槽类型：Socket AM4
三级缓存：暂无数据
核心数量：六核心
线程数：十二线程",台式机,AMD Ryzen 5 5000,3.5GHz,,暂无数据,Socket AM4,六核心,十二线程,,,4.4GHz,
AMD Ryzen 7 2700X,1399,,,https://2a.zol-img.com.cn/product/223_320x240/214/cegaSKYjLOn3A.jpg,"适用类型：台式机
CPU系列：AMD Ryzen 7 2000
CPU主频：3.7GHz
动态加速频率：4.3GHz
三级缓存：16MB
插槽类型：Socket AM4
核心数量：八核心
线程数：十六线程",台式机,AMD Ryzen 7 2000,3.7GHz,,16MB,Socket AM4,八核心,十六线程,,,4.3GHz,
Intel 酷睿i5 9400,1399,519.0,https://union-click.jd.com/sem.php?unionId=281&siteid=20170818001&to=https://item.jd.com/10078784143680.html,https://2d.zol-img.com.cn/product/221_320x240/41/ce15kz5CwmahY.jpg,"适用类型：台式机
CPU系列：酷睿i5 9代系列
CPU主频：2.9GHz
最高睿频：4.1GHz
三级缓存：9MB
插槽类型：LGA 1151
核心数量：六核心
线程数：六线程",台式机,酷睿i5 9代系列,2.9GHz,4.1GHz,9MB,LGA 1151,六核心,六线程,,,,
Intel 酷睿i5 10500,1449,748.0,https://union-click.jd.com/sem.php?unionId=281&siteid=20170818001&to=https://item.jd.com/10088714480946.html,https://2f.zol-img.com.cn/product/223_320x240/213/ceArUyWcJFnvc.jpg,"适用类型：台式机
CPU系列：酷睿i5 10代系列
CPU主频：3.1GHz
最高睿频：4.5GHz
三级缓存：12MB
插槽类型：LGA 1200
核心数量：六核心
线程数：十二线程",台式机,酷睿i5 10代系列,3.1GHz,4.5GHz,12MB,LGA 1200,六核心,十二线程,,,,
Intel 酷睿 i5 12400,1480,1129.0,https://union-click.jd.com/sem.php?unionId=281&siteid=20170818001&to=https://item.jd.com/10027670672823.html,https://2f.zol-img.com.cn/product/222_320x240/881/cekZ8J9cikhRs.jpg,"适用类型：台式机
CPU系列：酷睿i5 12代系列
CPU主频：2.5GHz
最高睿频：4.4GHz
三级缓存：18MB
插槽类型：LGA 1700
核心数量：六核心
线程数：十二线程",台式机,酷睿i5 12代系列,2.5GHz,4.4GHz,18MB,LGA 1700,六核心,十二线程,,,,
Intel 酷睿 i5 14490F,1499,1149.0,https://union-click.jd.com/sem.php?unionId=281&siteid=20170818001&to=https://item.jd.com/10095256672226.html,https://2c.zol-img.com.cn/product/270_320x240/710/ce5p2z5dRWTKY.jpg,"适用类型：台式机
CPU系列：酷睿i5 14代系列
CPU主频：2.8GHz
最高睿频：4.9GHz
三级缓存：24MB
插槽类型：LGA 1700
核心数量：10核心
线程数：16线程",台式机,酷睿i5 14代系列,2.8GHz,4.9GHz,24MB,LGA 1700,10核心,16线程,,,,
AMD Ryzen 5 5600X,1510,599.0,https://union-click.jd.com/sem.php?unionId=281&siteid=20170818001&to=https://item.jd.com/10025914155144.html,https://2c.zol-img.com.cn/product/220_320x240/748/ceAFZXHup6qN6.jpg,"适用类型：台式机
CPU系列：AMD Ryzen 5 5000
CPU主频：3.7GHz
动态加速频率：4.6GHz
三级缓存：32MB
插槽类型：Socket AM4
核心数量：六核心
线程数：十二线程",台式机,AMD Ryzen 5 5000,3.7GHz,,32MB,Socket AM4,六核心,十二线程,,,4.6GHz,
AMD Ryzen 5 7600,1549,,,https://2b.zol-img.com.cn/product/222_320x240/907/ceQN5BYNJeC.png,"适用类型：台式机
CPU系列：AMD Ryzen 5 7000系列
CPU主频：3.8GHz
最高睿频：5.1GHz
三级缓存：32MB
插槽类型：Socket AM5
核心数量：六核心
线程数：十二线程",台式机,AMD Ryzen 5 7000系列,3.8GHz,5.1GHz,32MB,Socket AM5,六核心,十二线程,,,,
AMD Ryzen 5 5600G,1599,779.0,https://union-click.jd.com/sem.php?unionId=281&siteid=20170818001&to=https://item.jd.com/100012989127.html,https://2c.zol-img.com.cn/product/221_320x240/642/cezY3xNEKD1I.jpg,"适用类型：台式机
CPU系列：AMD Ryzen 5 5000
CPU主频：3.9GHz
动态加速频率：4.4GHz
三级缓存：16MB
插槽类型：Socket AM4
核心数量：六核心
线程数：十二线程",台式机,AMD Ryzen 5 5000,3.9GHz,,16MB,Socket AM4,六核心,十二线程,,,4.4GHz,
Intel 酷睿 i5 13490F,1599,799.0,https://union-click.jd.com/sem.php?unionId=281&siteid=20170818001&to=https://item.jd.com/100044164608.html,https://2b.zol-img.com.cn/product/228_320x240/887/cekQovezuYY4U.jpg,"适用类型：台式机
CPU系列：酷睿i5 13代系列
CPU主频：2.5GHz
最高睿频：4.8GHz
三级缓存：24MB
封装大小：45×37.5mm
核心数量：10核心
线程数：16线程",台式机,酷睿i5 13代系列,2.5GHz,4.8GHz,24MB,,10核心,16线程,,,,45×37.5mm
Intel 酷睿i5 8500T,1599,,,https://2e.zol-img.com.cn/product/223_320x240/478/ceMd2PrZe1H6I.jpg,"适用类型：台式机
CPU系列：酷睿i5 8代系列
CPU主频：2.1GHz
最高睿频：3.5GHz
三级缓存：9MB
插槽类型：LGA 1151
核心数量：六核心
线程数：六线程",台式机,酷睿i5 8代系列,2.1GHz,3.5GHz,9MB,LGA 1151,六核心,六线程,,,,
Intel 酷睿i5 9600K,1649,,,https://2f.zol-img.com.cn/product/221_320x240/31/ceNs9xXmtQGIU.jpg,"适用类型：台式机
CPU系列：酷睿i5 9代系列
CPU主频：3.7GHz
最高睿频：4.6GHz
三级缓存：9MB
插槽类型：LGA 1151
核心数量：六核心
线程数：六线程",台式机,酷睿i5 9代系列,3.7GHz,4.6GHz,9MB,LGA 1151,六核心,六线程,,,,
Intel 酷睿i5 8400,1689,339.0,https://union-click.jd.com/sem.php?unionId=281&siteid=20170818001&to=https://item.jd.com/10098278509304.html,https://2e.zol-img.com.cn/product/223_320x240/472/ceYFxSK7YxZuo.jpg,"适用类型：台式机
CPU系列：酷睿i5 8代系列
CPU主频：2.8GHz
最高睿频：4GHz
三级缓存：9MB
插槽类型：LGA 1151
核心数量：六核心
线程数：六线程",台式机,酷睿i5 8代系列,2.8GHz,4GHz,9MB,LGA 1151,六核心,六线程,,,,
Intel 酷睿i5 11600KF,1699,,,https://2c.zol-img.com.cn/product/222_320x240/378/ceo5IfakBcjPs.jpg,"适用类型：台式机
CPU系列：酷睿i5 11代系列
CPU主频：3.9GHz
最高睿频：4.9GHz
三级缓存：12MB
插槽类型：LGA 1200
核心数量：六核心
线程数：十二线程",台式机,酷睿i5 11代系列,3.9GHz,4.9GHz,12MB,LGA 1200,六核心,十二线程,,,,
Intel 酷睿 i5 13400F,1699,969.0,https://union-click.jd.com/sem.php?unionId=281&siteid=20170818001&to=https://item.jd.com/10067764738503.html,https://2f.zol-img.com.cn/product/226_320x240/861/cerkIgTYOOXmo.jpg,"CPU系列：酷睿i5 13代系列
适用类型：暂无数据
CPU主频：2.5GHz
最高睿频：4.6GHz
三级缓存：20MB
插槽类型：LGA 1700
核心数量：十核心
线程数：十六线程",暂无数据,酷睿i5 13代系列,2.5GHz,4.6GHz,20MB,LGA 1700,十核心,十六线程,,,,
AMD Ryzen 7 3700X,1729,,,https://2d.zol-img.com.cn/product/223_320x240/205/cee59kljCmXI.jpg,"适用类型：台式机
CPU系列：AMD Ryzen 7 3000
CPU主频：3.6GHz
动态加速频率：4.4GHz
三级缓存：32MB
插槽类型：Socket AM4
核心数量：八核心
线程数：十六线程",台式机,AMD Ryzen 7 3000,3.6GHz,,32MB,Socket AM4,八核心,十六线程,,,4.4GHz,
AMD Ryzen 5 3600X,1749,498.0,https://union-click.jd.com/sem.php?unionId=281&siteid=20170818001&to=https://item.jd.com/10059782083351.html,https://2b.zol-img.com.cn/product/222_320x240/293/ceb9yEqpf8rTA.jpg,"适用类型：台式机
CPU系列：AMD Ryzen 5 3600x
CPU主频：3.8GHz
动态加速频率：4.4GHz
三级缓存：32MB
插槽类型：Socket AM4
核心数量：六核心
线程数：十二线程",台式机,AMD Ryzen 5 3600x,3.8GHz,,32MB,Socket AM4,六核心,十二线程,,,4.4GHz,
Intel 酷睿i5 11500,1799,,,https://2f.zol-img.com.cn/product/221_320x240/113/ceKcGuJhokfOU.jpg,"适用类型：台式机
CPU系列：酷睿i5 11代系列
CPU主频：2.7GHz
最高睿频：4.6GHz
三级缓存：12MB
插槽类型：LGA 1200
核心数量：六核心
线程数：十二线程",台式机,酷睿i5 11代系列,2.7GHz,4.6GHz,12MB,LGA 1200,六核心,十二线程,,,,
Intel 酷睿 i5 13400,1799,999.0,https://union-click.jd.com/sem.php?unionId=281&siteid=20170818001&to=https://item.jd.com/10069496172346.html,https://2d.zol-img.com.cn/product/226_320x240/859/ceTVLKpXS9uI.png,"适用类型：台式机
CPU系列：酷睿i5 13代系列
CPU主频：2.5GHz
最高睿频：4.6GHz
三级缓存：20MB
插槽类型：LGA 1700
核心数量：十核心
线程数：十六线程",台式机,酷睿i5 13代系列,2.5GHz,4.6GHz,20MB,LGA 1700,十核心,十六线程,,,,
Intel 酷睿 i5 12600KF,1830,979.0,https://union-click.jd.com/sem.php?unionId=281&siteid=20170818001&to=https://item.jd.com/10069968603299.html,https://2e.zol-img.com.cn/product/222_320x240/880/cei20SM6YrSw.jpg,"适用类型：台式机
CPU系列：酷睿i5 12代系列
CPU主频：3.7GHz
动态加速频率：4.9GHz
三级缓存：20MB
插槽类型：LGA 1700
核心数量：十核心
线程数：十六线程",台式机,酷睿i5 12代系列,3.7GHz,,20MB,LGA 1700,十核心,十六线程,,,4.9GHz,
Intel 酷睿i5 9500,1849,,,https://2a.zol-img.com.cn/product/221_320x240/32/ceWnVA9sOqh2o.jpg,"适用类型：台式机
CPU系列：酷睿i5 9代系列
CPU主频：3GHz
最高睿频：4.4GHz
三级缓存：9MB
封装大小：37.5×37.5mm
核心数量：六核心
线程数：六线程",台式机,酷睿i5 9代系列,3GHz,4.4GHz,9MB,,六核心,六线程,,,,37.5×37.5mm
Intel 酷睿i5 10600K,1849,,,https://2d.zol-img.com.cn/product/223_320x240/217/ceQISKIC9D15Q.jpg,"适用类型：台式机
CPU系列：酷睿i5 10代系列
CPU主频：4.1GHz
最高睿频：4.8GHz
三级缓存：12MB
插槽类型：LGA 1200
核心数量：六核心
线程数：十二线程",台式机,酷睿i5 10代系列,4.1GHz,4.8GHz,12MB,LGA 1200,六核心,十二线程,,,,
AMD Ryzen 5 3600XT,1859,,,https://2d.zol-img.com.cn/product/222_320x240/309/cenkhbYv9Updg.jpg,"适用类型：台式机
CPU系列：AMD Ryzen 5 3000
CPU主频：3.8GHz
动态加速频率：4.5GHz
三级缓存：32MB
插槽类型：Socket AM4
核心数量：六核心
线程数：十二线程",台式机,AMD Ryzen 5 3000,3.8GHz,,32MB,Socket AM4,六核心,十二线程,,,4.5GHz,
Intel 酷睿i7 10700F,1890,,,https://2a.zol-img.com.cn/product/221_320x240/418/ceS05ebW7J8s.jpg,"适用类型：台式机
CPU系列：酷睿i7 10代系列
CPU主频：2.9GHz
最高睿频：4.8GHz
三级缓存：16MB
插槽类型：LGA 1200
核心数量：八核心
线程数：十六线程",台式机,酷睿i7 10代系列,2.9GHz,4.8GHz,16MB,LGA 1200,八核心,十六线程,,,,
AMD Ryzen 7 7700,1899,969.0,https://union-click.jd.com/sem.php?unionId=281&siteid=20170818001&to=https://item.jd.com/10067918803367.html,https://2d.zol-img.com.cn/product/222_320x240/425/cenfQOHuCZi0k.jpg,"适用类型：台式机
CPU系列：AMD Ryzen 7 7000系列
CPU主频：3.8GHz
最高睿频：5.3GHz
三级缓存：32MB
插槽类型：Socket AM5
核心数量：八核心
线程数：十六线程",台式机,AMD Ryzen 7 7000系列,3.8GHz,5.3GHz,32MB,Socket AM5,八核心,十六线程,,,,
Intel 酷睿 i5 12600K,1930,1449.0,https://union-click.jd.com/sem.php?unionId=281&siteid=20170818001&to=https://item.jd.com/10039470575696.html,https://2a.zol-img.com.cn/product/220_320x240/558/ce1rWBDSKXtCA.jpg,"适用类型：台式机
CPU系列：酷睿i5 12代系列
CPU主频：3.7GHz
动态加速频率：4.9GHz
三级缓存：20MB
插槽类型：LGA 1700
核心数量：十核心
线程数：十六线程",台式机,酷睿i5 12代系列,3.7GHz,,20MB,LGA 1700,十核心,十六线程,,,4.9GHz,
Intel 酷睿i5 11600K,1949,,,https://2d.zol-img.com.cn/product/221_320x240/111/ceD9wuDuBU2B2.jpg,"适用类型：台式机
CPU系列：酷睿i5 11代系列
CPU主频：3.9GHz
最高睿频：4.9GHz
三级缓存：12MB
插槽类型：LGA 1200
核心数量：六核心
线程数：十二线程",台式机,酷睿i5 11代系列,3.9GHz,4.9GHz,12MB,LGA 1200,六核心,十二线程,,,,
Intel 酷睿i5 7500,1999,,,https://2d.zol-img.com.cn/product/263_320x240/123/ce6f5ulJPQlPI.jpg,"适用类型：台式机
CPU系列：酷睿i5 7代系列
CPU主频：3.4GHz
最高睿频：3.4GHz
三级缓存：6MB
插槽类型：LGA 1151
核心数量：四核心
线程数：四线程",台式机,酷睿i5 7代系列,3.4GHz,3.4GHz,6MB,LGA 1151,四核心,四线程,,,,
Intel 酷睿i5 8600K,1999,,,https://2c.zol-img.com.cn/product/223_320x240/488/cezPVmq5cVjc.jpg,"适用类型：台式机
CPU系列：酷睿i5 8代系列
CPU主频：3.6GHz
最高睿频：4.3GHz
三级缓存：9MB
插槽类型：LGA 1151
核心数量：六核心
线程数：六线程",台式机,酷睿i5 8代系列,3.6GHz,4.3GHz,9MB,LGA 1151,六核心,六线程,,,,
AMD Ryzen 7 5700X,1999,769.0,https://union-click.jd.com/sem.php?unionId=281&siteid=20170818001&to=https://item.jd.com/10031649164790.html,https://2c.zol-img.com.cn/product/220_320x240/518/ceYeEovrKN9bQ.jpg,"适用类型：台式机
CPU系列：AMD Ryzen 7 5000
CPU主频：3.4GHz
动态加速频率：4.6GHz
插槽类型：Socket AM4
三级缓存：暂无数据
核心数量：八核心
线程数：十六线程",台式机,AMD Ryzen 7 5000,3.4GHz,,暂无数据,Socket AM4,八核心,十六线程,,,4.6GHz,
Intel 酷睿i5 11600,2000,,,https://2d.zol-img.com.cn/product/221_320x240/105/ceURVGRxM8BSg.jpg,"适用类型：台式机
CPU系列：酷睿i5 11代系列
CPU主频：2.8GHz
最高睿频：4.8GHz
三级缓存：12MB
插槽类型：LGA 1200
核心数量：六核心
线程数：十二线程",台式机,酷睿i5 11代系列,2.8GHz,4.8GHz,12MB,LGA 1200,六核心,十二线程,,,,
Intel Xeon E 2224,2080,,,https://2f.zol-img.com.cn/product/221_320x240/941/ceD5BFTvTABSA.jpg,"适用类型：企业级（服务器）
CPU系列：Xeon E系列
CPU主频：3.4GHz
最高睿频：4.6GHz
三级缓存：8MB
插槽类型：LGA 1151
核心数量：四核心
线程数：四线程",企业级（服务器）,Xeon E系列,3.4GHz,4.6GHz,8MB,LGA 1151,四核心,四线程,,,,
AMD Ryzen 7 PRO 4750G,2099,,,https://2a.zol-img.com.cn/product/223_320x240/484/ceD1n2NxoeYQ.jpg,"适用类型：台式机
CPU系列：AMD Ryzen 7 4000
CPU主频：3.6GHz
动态加速频率：4.4GHz
三级缓存：8MB
插槽类型：Socket AM4
核心数量：八核心
线程数：十六线程",台式机,AMD Ryzen 7 4000,3.6GHz,,8MB,Socket AM4,八核心,十六线程,,,4.4GHz,
Intel 酷睿i5 8600,2099,,,https://2a.zol-img.com.cn/product/223_320x240/474/cehMgDrDn022.jpg,"适用类型：台式机
CPU系列：酷睿i5 8代系列
CPU主频：3.1GHz
最高睿频：4.3GHz
三级缓存：9MB
插槽类型：LGA 1151
核心数量：六核心
线程数：六线程",台式机,酷睿i5 8代系列,3.1GHz,4.3GHz,9MB,LGA 1151,六核心,六线程,,,,
Intel 酷睿i7 10700K 复仇者联盟珍藏版,2150,,,https://2f.zol-img.com.cn/product/221_320x240/417/cecgwDzcbsaEI.jpg,"适用类型：台式机
CPU系列：酷睿i7 10代系列
CPU主频：3.8GHz
最高睿频：5.1GHz
三级缓存：16MB
插槽类型：LGA 1200
核心数量：八核心
线程数：十六线程",台式机,酷睿i7 10代系列,3.8GHz,5.1GHz,16MB,LGA 1200,八核心,十六线程,,,,
Intel 酷睿i7 9700KF,2169,,,https://2d.zol-img.com.cn/product/221_320x240/385/ceiG6AXzWYeb6.jpg,"适用类型：台式机
CPU系列：酷睿i7 9代系列
CPU主频：3.6GHz
最高睿频：4.9GHz
三级缓存：12MB
插槽类型：LGA 1151
核心数量：八核心
线程数：八线程",台式机,酷睿i7 9代系列,3.6GHz,4.9GHz,12MB,LGA 1151,八核心,八线程,,,,
Intel 酷睿i7 10700KF,2199,,,https://2e.zol-img.com.cn/product/221_320x240/404/ceeCusz466YBE.jpg,"适用类型：台式机
CPU系列：酷睿i7 10代系列
CPU主频：3.8GHz
最高睿频：5.1GHz
三级缓存：16MB
插槽类型：LGA 1200
核心数量：八核心
线程数：十六线程",台式机,酷睿i7 10代系列,3.8GHz,5.1GHz,16MB,LGA 1200,八核心,十六线程,,,,
Intel 酷睿i7 10700,2230,2919.0,https://union-click.jd.com/sem.php?unionId=281&siteid=20170818001&to=https://item.jd.com/10059493317750.html,https://2d.zol-img.com.cn/product/221_320x240/403/ceYENiTqLVoMI.jpg,"适用类型：台式机
CPU系列：酷睿i7 10代系列
CPU主频：2.9GHz
最高睿频：4.8GHz
三级缓存：16MB
插槽类型：LGA 1200
核心数量：八核心
线程数：十六线程",台式机,酷睿i7 10代系列,2.9GHz,4.8GHz,16MB,LGA 1200,八核心,十六线程,,,,
AMD Ryzen 5 7600X,2249,1199.0,https://union-click.jd.com/sem.php?unionId=281&siteid=20170818001&to=https://item.jd.com/10061663129295.html,https://2b.zol-img.com.cn/product/222_320x240/907/ceQN5BYNJeC.png,"适用类型：台式机
CPU系列：AMD Ryzen 5 7000系列
CPU主频：4.7GHz
最高睿频：5.3GHz
三级缓存：32MB
插槽类型：暂无数据
核心数量：六核心
线程数：十二线程",台式机,AMD Ryzen 5 7000系列,4.7GHz,5.3GHz,32MB,暂无数据,六核心,十二线程,,,,
Intel 酷睿 i7 12700F,2280,1999.0,https://union-click.jd.com/sem.php?unionId=281&siteid=20170818001&to=https://item.jd.com/10043956009000.html,https://2f.zol-img.com.cn/product/220_320x240/193/cePHmiQQprR0E.jpg,"适用类型：台式机
CPU系列：酷睿i7 12代系列
CPU主频：2.1GHz
最高睿频：4.9GHz
三级缓存：25MB
插槽类型：LGA 1700
核心数量：十二核心
线程数：二十线程",台式机,酷睿i7 12代系列,2.1GHz,4.9GHz,25MB,LGA 1700,十二核心,二十线程,,,,
Intel 酷睿 Ultra 5 245KF,2299,1999.0,https://union-click.jd.com/sem.php?unionId=281&siteid=20170818001&to=https://item.jd.com/100120799081.html,https://2c.zol-img.com.cn/product/270_320x240/956/ce9DTWcmdK6Y.jpg,"适用类型：台式机
CPU系列：酷睿 Ultra 5 200系列
最高睿频：5.2GHz
CPU主频：暂无数据
三级缓存：24MB
插槽类型：LGA 1851
核心数量：14核心
线程数：14线程",台式机,酷睿 Ultra 5 200系列,暂无数据,5.2GHz,24MB,LGA 1851,14核心,14线程,,,,
Intel 酷睿i7 11700,2300,,,https://2a.zol-img.com.cn/product/221_320x240/152/ce8PHKwpHU9A.jpg,"适用类型：台式机
CPU系列：酷睿i7 11代系列
CPU主频：2.5GHz
最高睿频：4.9GHz
三级缓存：16MB
插槽类型：LGA 1200
核心数量：八核心
线程数：十六线程",台式机,酷睿i7 11代系列,2.5GHz,4.9GHz,16MB,LGA 1200,八核心,十六线程,,,,
Intel 酷睿i7 11700F,2349,,,https://2f.zol-img.com.cn/product/221_320x240/157/ceCm3DfDob0EE.jpg,"适用类型：台式机
CPU系列：酷睿i7 11代系列
CPU主频：2.5GHz
最高睿频：4.9GHz
三级缓存：16MB
插槽类型：LGA 1200
核心数量：八核心
线程数：十六线程",台式机,酷睿i7 11代系列,2.5GHz,4.9GHz,16MB,LGA 1200,八核心,十六线程,,,,
Intel Xeon E 2224G,2380,2954.0,https://union-click.jd.com/sem.php?unionId=281&siteid=20170818001&to=https://item.jd.com/10029779267702.html,https://2f.zol-img.com.cn/product/198_320x240/83/cetu4HimxeCiY.jpg,"适用类型：企业级（服务器）
CPU系列：Xeon E系列
CPU主频：3.5GHz
最高睿频：4.7GHz
三级缓存：8MB
插槽类型：LGA 1151
核心数量：四核心
线程数：四线程",企业级（服务器）,Xeon E系列,3.5GHz,4.7GHz,8MB,LGA 1151,四核心,四线程,,,,
Intel 酷睿i7 9700F,2399,789.0,https://union-click.jd.com/sem.php?unionId=281&siteid=20170818001&to=https://item.jd.com/10097345058613.html,https://2e.zol-img.com.cn/product/221_320x240/386/ceQgNDKZ4Ypx2.jpg,"适用类型：台式机
CPU系列：酷睿i7 9代系列
CPU主频：3GHz
最高睿频：4.7GHz
三级缓存：12MB
插槽类型：LGA 1151
核心数量：八核心
线程数：八线程",台式机,酷睿i7 9代系列,3GHz,4.7GHz,12MB,LGA 1151,八核心,八线程,,,,
Intel 酷睿i9 9900KF,2399,,,https://2c.zol-img.com.cn/product/223_320x240/500/cehght1i8XcAM.jpg,"适用类型：台式机
CPU系列：酷睿i9 9代系列
CPU主频：3.6GHz
最高睿频：5GHz
三级缓存：16MB
插槽类型：LGA 1151
核心数量：八核心
线程数：十六线程",台式机,酷睿i9 9代系列,3.6GHz,5GHz,16MB,LGA 1151,八核心,十六线程,,,,
Intel 酷睿i7 11700K,2430,,,https://2d.zol-img.com.cn/product/220_320x240/443/ce52yIx5vifc.jpg,"适用类型：台式机
CPU系列：酷睿i7 11代系列
CPU主频：3.6GHz
最高睿频：5GHz
三级缓存：16MB
插槽类型：LGA 1200
核心数量：八核心
线程数：十六线程",台式机,酷睿i7 11代系列,3.6GHz,5GHz,16MB,LGA 1200,八核心,十六线程,,,,
Intel 酷睿 i7 12700,2430,2099.0,https://union-click.jd.com/sem.php?unionId=281&siteid=20170818001&to=https://item.jd.com/10027814686087.html,https://2c.zol-img.com.cn/product/219_320x240/88/cepwttZzfuICo.jpg,"适用类型：台式机
CPU系列：酷睿i7 12代系列
CPU主频：2.1GHz
最高睿频：4.9GHz
三级缓存：25MB
插槽类型：LGA 1700
核心数量：十二核心
线程数：二十线程",台式机,酷睿i7 12代系列,2.1GHz,4.9GHz,25MB,LGA 1700,十二核心,二十线程,,,,
Intel 酷睿i7 8086K（限量版）,2439,,,https://2a.zol-img.com.cn/product/223_320x240/270/ceS3Nk9hplDTM.jpg,"适用类型：台式机
CPU系列：酷睿i7 8代系列
CPU主频：4GHz
最高睿频：5GHz
三级缓存：12MB
插槽类型：LGA 1151
核心数量：六核心
线程数：十二线程",台式机,酷睿i7 8代系列,4GHz,5GHz,12MB,LGA 1151,六核心,十二线程,,,,
AMD Ryzen 7 5800X,2480,1249.0,https://union-click.jd.com/sem.php?unionId=281&siteid=20170818001&to=https://item.jd.com/10063914228583.html,https://2f.zol-img.com.cn/product/220_320x240/533/cetp7kI80bd.jpg,"适用类型：台式机
CPU系列：AMD Ryzen 7 5000
CPU主频：3.8GHz
动态加速频率：4.7GHz
三级缓存：32MB
插槽类型：Socket AM4
核心数量：八核心
线程数：十六线程",台式机,AMD Ryzen 7 5000,3.8GHz,,32MB,Socket AM4,八核心,十六线程,,,4.7GHz,
Intel 酷睿i7 9700K,2499,998.0,https://union-click.jd.com/sem.php?unionId=281&siteid=20170818001&to=https://item.jd.com/10066427749135.html,https://2d.zol-img.com.cn/product/221_320x240/409/cenwuvoEdG5VE.jpg,"适用类型：台式机
CPU系列：酷睿i7 9代系列
CPU主频：3.6GHz
最高睿频：4.9GHz
三级缓存：12MB
插槽类型：LGA 1151
核心数量：八核心
线程数：八线程",台式机,酷睿i7 9代系列,3.6GHz,4.9GHz,12MB,LGA 1151,八核心,八线程,,,,
Intel 酷睿 i5 14600KF,2499,1363.0,https://union-click.jd.com/sem.php?unionId=281&siteid=20170818001&to=https://item.jd.com/10089456109585.html,https://2e.zol-img.com.cn/product/254_320x240/380/ceLe549gUtplc.jpg,"适用类型：台式机
CPU系列：酷睿i5 14代系列
最高睿频：5.3GHz
CPU主频：暂无数据
三级缓存：24MB
插槽类型：LGA 1700
核心数量：14核心
线程数：20线程",台式机,酷睿i5 14代系列,暂无数据,5.3GHz,24MB,LGA 1700,14核心,20线程,,,,
Intel 酷睿 Ultra 5 245K,2499,1999.0,https://union-click.jd.com/sem.php?unionId=281&siteid=20170818001&to=https://item.jd.com/100145512964.html,https://2c.zol-img.com.cn/product/270_320x240/956/ce9DTWcmdK6Y.jpg,"适用类型：台式机
CPU系列：酷睿 Ultra 5 200系列
最高睿频：5.2GHz
CPU主频：暂无数据
三级缓存：24MB
插槽类型：LGA 1851
核心数量：14核心
线程数：14线程",台式机,酷睿 Ultra 5 200系列,暂无数据,5.2GHz,24MB,LGA 1851,14核心,14线程,,,,
AMD Ryzen 7 5700G,2599,959.0,https://union-click.jd.com/sem.php?unionId=281&siteid=20170818001&to=https://item.jd.com/100012989117.html,https://2d.zol-img.com.cn/product/220_320x240/525/ceD8b2pGg3XeI.jpg,"适用类型：台式机
CPU系列：AMD Ryzen 7 5000
CPU主频：3.8GHz
动态加速频率：4.6GHz
三级缓存：16MB
插槽类型：暂无数据
核心数量：八核心
线程数：十六线程",台式机,AMD Ryzen 7 5000,3.8GHz,,16MB,暂无数据,八核心,十六线程,,,4.6GHz,
Intel 酷睿i7 9700,2599,869.0,https://union-click.jd.com/sem.php?unionId=281&siteid=20170818001&to=https://item.jd.com/10095196932150.html,https://2b.zol-img.com.cn/product/221_320x240/377/cekZmEeDovOk.jpg,"适用类型：台式机
CPU系列：酷睿i7 9代系列
CPU主频：3GHz
最高睿频：4.7GHz
三级缓存：12MB
插槽类型：LGA 1151
核心数量：八核心
线程数：八线程",台式机,酷睿i7 9代系列,3GHz,4.7GHz,12MB,LGA 1151,八核心,八线程,,,,
Intel 酷睿 i5 14600K,2599,1699.0,https://union-click.jd.com/sem.php?unionId=281&siteid=20170818001&to=https://item.jd.com/10087603489123.html,https://2e.zol-img.com.cn/product/254_320x240/380/ceLe549gUtplc.jpg,"适用类型：台式机
CPU系列：酷睿i5 14代系列
最高睿频：5.3GHz
CPU主频：暂无数据
三级缓存：24MB
插槽类型：LGA 1700
核心数量：14核心
线程数：20线程",台式机,酷睿i5 14代系列,暂无数据,5.3GHz,24MB,LGA 1700,14核心,20线程,,,,
Intel 酷睿 i5 13600K,2599,1649.0,https://union-click.jd.com/sem.php?unionId=281&siteid=20170818001&to=https://item.jd.com/10061565047906.html,https://2d.zol-img.com.cn/product/222_320x240/237/ce0AQB5rXJrsI.jpg,"适用类型：台式机
CPU系列：酷睿i5 13代系列
CPU主频：3.5GHz
最高睿频：5.1GHz
三级缓存：24MB
插槽类型：LGA 1700
核心数量：十四核心
线程数：二十线程",台式机,酷睿i5 13代系列,3.5GHz,5.1GHz,24MB,LGA 1700,十四核心,二十线程,,,,
AMD Ryzen 7 3800X,2599,,,https://2d.zol-img.com.cn/product/223_320x240/247/ceQlNEjMmQEZI.jpg,"适用类型：台式机
CPU系列：AMD Ryzen 7 3000
CPU主频：3.9GHz
动态加速频率：4.5GHz
三级缓存：32MB
插槽类型：Socket AM4
核心数量：八核心
线程数：十六线程",台式机,AMD Ryzen 7 3000,3.9GHz,,32MB,Socket AM4,八核心,十六线程,,,4.5GHz,
Intel 酷睿 i5 13600KF,2600,1299.0,https://union-click.jd.com/sem.php?unionId=281&siteid=20170818001&to=https://item.jd.com/10069496172347.html,https://2e.zol-img.com.cn/product/222_320x240/232/ceLyKiltWI2.jpg,"适用类型：台式机
CPU系列：酷睿i5 13代系列
CPU主频：3.5GHz
最高睿频：5.1GHz
三级缓存：24MB
插槽类型：LGA 1700
核心数量：十四核心
线程数：二十线程",台式机,酷睿i5 13代系列,3.5GHz,5.1GHz,24MB,LGA 1700,十四核心,二十线程,,,,
AMD Ryzen 7 2700X纪念版,2699,,,https://2d.zol-img.com.cn/product/223_320x240/241/ce11CKsI09sE.jpg,"适用类型：台式机
CPU系列：AMD Ryzen 7 2000
CPU主频：3.7GHz
动态加速频率：4.3GHz
三级缓存：16MB
插槽类型：Socket AM4
核心数量：八核心
线程数：十六线程",台式机,AMD Ryzen 7 2000,3.7GHz,,16MB,Socket AM4,八核心,十六线程,,,4.3GHz,
Intel 酷睿i7 10700K,2699,,,https://2c.zol-img.com.cn/product/221_320x240/414/ce6NW5fphsdTY.jpg,"适用类型：台式机
CPU系列：酷睿i7 10代系列
CPU主频：3.8GHz
最高睿频：5.1GHz
三级缓存：16MB
插槽类型：LGA 1200
核心数量：八核心
线程数：十六线程",台式机,酷睿i7 10代系列,3.8GHz,5.1GHz,16MB,LGA 1200,八核心,十六线程,,,,
Intel 酷睿i7 9800X,2699,,,https://2c.zol-img.com.cn/product/221_320x240/414/ce8ylJjv7BpOA.jpg,"适用类型：台式机
CPU系列：酷睿i7 X系列
CPU主频：3.8GHz
最高睿频：4.4GHz
三级缓存：17MB
插槽类型：暂无数据
核心数量：八核心
线程数：十六线程",台式机,酷睿i7 X系列,3.8GHz,4.4GHz,17MB,暂无数据,八核心,十六线程,,,,
Intel 酷睿 i7 12700KF,2730,1418.0,https://union-click.jd.com/sem.php?unionId=281&siteid=20170818001&to=https://item.jd.com/10068925213637.html,https://2a.zol-img.com.cn/product/219_320x240/80/ceKtCwgbIzwG6.jpg,"适用类型：台式机
CPU系列：酷睿i7 12代系列
CPU主频：3.6GHz
动态加速频率：4.9GHz
三级缓存：25MB
插槽类型：LGA 1700
核心数量：十二核心
线程数：二十线程",台式机,酷睿i7 12代系列,3.6GHz,,25MB,LGA 1700,十二核心,二十线程,,,4.9GHz,
Intel Xeon E 2234,2780,,,https://2a.zol-img.com.cn/product/198_320x240/536/ce58cOVpjgJ4o.jpg,"适用类型：企业级（服务器）
CPU系列：Xeon E系列
CPU主频：3.6GHz
最高睿频：4.8GHz
三级缓存：8MB
插槽类型：LGA 1151
核心数量：四核心
线程数：八线程",企业级（服务器）,Xeon E系列,3.6GHz,4.8GHz,8MB,LGA 1151,四核心,八线程,,,,
Intel 酷睿i7 8700K,2799,,,https://2e.zol-img.com.cn/product/223_320x240/274/cek7fVZlxgl42.jpg,"适用类型：台式机
CPU系列：酷睿i7 8代系列
CPU主频：3.7GHz
最高睿频：4.7GHz
三级缓存：12MB
插槽类型：LGA 1151
核心数量：六核心
线程数：十二线程",台式机,酷睿i7 8代系列,3.7GHz,4.7GHz,12MB,LGA 1151,六核心,十二线程,,,,
AMD Ryzen 7 5800X3D,2799,1529.0,https://union-click.jd.com/sem.php?unionId=281&siteid=20170818001&to=https://item.jd.com/10024010847388.html,https://2e.zol-img.com.cn/product/220_320x240/520/ce95dSDPbnAA.jpg,"适用类型：台式机
CPU系列：AMD Ryzen 7 5000
CPU主频：3.4GHz
动态加速频率：4.5GHz
三级缓存：96MB
插槽类型：Socket AM4
核心数量：八核心
线程数：十六线程",台式机,AMD Ryzen 7 5000,3.4GHz,,96MB,Socket AM4,八核心,十六线程,,,4.5GHz,
AMD Ryzen 9 5900X,2800,,,https://2c.zol-img.com.cn/product/222_320x240/430/ce2mT0dDJ4zm6.jpg,"适用类型：台式机
CPU系列：AMD Ryzen 9 5000
CPU主频：3.7GHz
动态加速频率：4.8GHz
三级缓存：64MB
插槽类型：Socket AM4
核心数量：十二核心
线程数：二十四线程",台式机,AMD Ryzen 9 5000,3.7GHz,,64MB,Socket AM4,十二核心,二十四线程,,,4.8GHz,
Intel 酷睿 i7 12700K,2830,1799.0,https://union-click.jd.com/sem.php?unionId=281&siteid=20170818001&to=https://item.jd.com/10039470575694.html,https://2d.zol-img.com.cn/product/219_320x240/77/ceQFaiCHa07xE.jpg,"适用类型：台式机
CPU系列：酷睿i7 12代系列
CPU主频：3.6GHz
动态加速频率：4.9GHz
三级缓存：25MB
插槽类型：LGA 1700
核心数量：十二核心
线程数：二十线程",台式机,酷睿i7 12代系列,3.6GHz,,25MB,LGA 1700,十二核心,二十线程,,,4.9GHz,
AMD Ryzen 7 9700X,2849,1859.0,https://union-click.jd.com/sem.php?unionId=281&siteid=20170818001&to=https://item.jd.com/10112240949748.html,https://2b.zol-img.com.cn/product/263_320x240/771/ceyEYNtgH9oBc.jpg,"适用类型：台式机
CPU系列：AMD Ryzen 7 9000系列
CPU主频：3.8GHz
动态加速频率：5.5GHz
三级缓存：32MB
插槽类型：Socket AM5
核心数量：8核心
线程数：16线程",台式机,AMD Ryzen 7 9000系列,3.8GHz,,32MB,Socket AM5,8核心,16线程,,,5.5GHz,
Intel 酷睿i7 8700,2859,679.0,https://union-click.jd.com/sem.php?unionId=281&siteid=20170818001&to=https://item.jd.com/10097348857761.html,https://2c.zol-img.com.cn/product/223_320x240/266/cer4UVWXhQQm.jpg,"适用类型：台式机
CPU系列：酷睿i7 8代系列
CPU主频：3.2GHz
最高睿频：4.6GHz
三级缓存：12MB
插槽类型：LGA 1151
核心数量：六核心
线程数：十二线程",台式机,酷睿i7 8代系列,3.2GHz,4.6GHz,12MB,LGA 1151,六核心,十二线程,,,,
Intel 酷睿i7 7700,2898,,,https://2c.zol-img.com.cn/product/223_320x240/664/ce12PJpVV98pE.jpg,"适用类型：台式机
CPU系列：酷睿i7 7代系列
CPU主频：3.6GHz
最高睿频：4.2GHz
三级缓存：8MB
插槽类型：LGA 1151
核心数量：四核心
线程数：八线程",台式机,酷睿i7 7代系列,3.6GHz,4.2GHz,8MB,LGA 1151,四核心,八线程,,,,
Intel 酷睿i7 11700KF,2899,,,https://2e.zol-img.com.cn/product/221_320x240/156/ceT3Dh51Kjpw.jpg,"适用类型：台式机
CPU系列：酷睿i7 11代系列
CPU主频：3.6GHz
最高睿频：5GHz
三级缓存：16MB
插槽类型：LGA 1200
核心数量：八核心
线程数：十六线程",台式机,酷睿i7 11代系列,3.6GHz,5GHz,16MB,LGA 1200,八核心,十六线程,,,,
Intel Xeon E 2244G,2899,,,https://2d.zol-img.com.cn/product/198_320x240/605/ceMwNN3lNsXM.jpg,"适用类型：企业级（服务器）
CPU系列：Xeon E系列
CPU主频：3.8GHz
最高睿频：4.8GHz
三级缓存：8MB
插槽类型：LGA 1151
核心数量：四核心
线程数：八线程",企业级（服务器）,Xeon E系列,3.8GHz,4.8GHz,8MB,LGA 1151,四核心,八线程,,,,
AMD Ryzen 9 3900X,2939,,,https://2e.zol-img.com.cn/product/225_320x240/436/cev2dKPDVOouU.jpg,"适用类型：台式机
CPU系列：AMD Ryzen 9 3000
CPU主频：3.8GHz
动态加速频率：4.6GHz
三级缓存：64MB
插槽类型：Socket AM4
核心数量：十二核心
线程数：二十四线程",台式机,AMD Ryzen 9 3000,3.8GHz,,64MB,Socket AM4,十二核心,二十四线程,,,4.6GHz,
Intel 酷睿i9 10900X,2980,3749.0,https://union-click.jd.com/sem.php?unionId=281&siteid=20170818001&to=https://item.jd.com/25892819997.html,https://2b.zol-img.com.cn/product/221_320x240/437/cegBmM1J4nq0o.jpg,"适用类型：台式机
CPU系列：酷睿i9 10代系列
CPU主频：3.7GHz
最高睿频：4.5GHz
三级缓存：19.25MB
插槽类型：LGA 2066
核心数量：十核心
线程数：二十线程",台式机,酷睿i9 10代系列,3.7GHz,4.5GHz,19.25MB,LGA 2066,十核心,二十线程,,,,
AMD Ryzen 7 3800XT,2999,,,https://2d.zol-img.com.cn/product/223_320x240/11/ceV2NhUQf5Mxk.jpg,"适用类型：台式机
CPU系列：AMD Ryzen 7 3000
CPU主频：3.9GHz
动态加速频率：4.7GHz
三级缓存：32MB
插槽类型：Socket AM4
核心数量：八核心
线程数：十六线程",台式机,AMD Ryzen 7 3000,3.9GHz,,32MB,Socket AM4,八核心,十六线程,,,4.7GHz,
Intel 酷睿 i7 13790F,2999,2299.0,https://union-click.jd.com/sem.php?unionId=281&siteid=20170818001&to=https://item.jd.com/10068398036653.html,https://2e.zol-img.com.cn/product/228_320x240/830/cenBT2pQoBho.jpg,"适用类型：台式机
CPU系列：酷睿i7 13代系列
CPU主频：2.1GHz
最高睿频：5.2GHz
三级缓存：33MB
封装大小：45×37.5mm
核心数量：十六核心
线程数：二十四线程",台式机,酷睿i7 13代系列,2.1GHz,5.2GHz,33MB,,十六核心,二十四线程,,,,45×37.5mm
AMD Ryzen 7 7700X,2999,,,https://2d.zol-img.com.cn/product/222_320x240/425/cenfQOHuCZi0k.jpg,"适用类型：台式机
CPU系列：AMD Ryzen 7 7000系列
CPU主频：4.5GHz
最高睿频：5.4GHz
三级缓存：32MB
插槽类型：Socket AM5
核心数量：八核心
线程数：十六线程",台式机,AMD Ryzen 7 7000系列,4.5GHz,5.4GHz,32MB,Socket AM5,八核心,十六线程,,,,
Intel 酷睿i9 9900K,3049,,,https://2a.zol-img.com.cn/product/223_320x240/492/cePCQe3DtLJ8Y.jpg,"适用类型：台式机
CPU系列：酷睿i9 9代系列
CPU主频：3.6GHz
最高睿频：5GHz
三级缓存：16MB
插槽类型：LGA 1151
核心数量：八核心
线程数：十六线程",台式机,酷睿i9 9代系列,3.6GHz,5GHz,16MB,LGA 1151,八核心,十六线程,,,,
Intel 酷睿 i7 13700,3049,2999.0,https://union-click.jd.com/sem.php?unionId=281&siteid=20170818001&to=https://item.jd.com/10067764738500.html,https://2e.zol-img.com.cn/product/226_320x240/214/ceNTwGJhF36tU.jpg,"CPU系列：酷睿i7 13代系列
适用类型：暂无数据
CPU主频：2.1GHz
最高睿频：5.2GHz
三级缓存：30MB
插槽类型：LGA 1700
核心数量：十六核心
线程数：二十四线程",暂无数据,酷睿i7 13代系列,2.1GHz,5.2GHz,30MB,LGA 1700,十六核心,二十四线程,,,,
Intel Xeon E 2236,3080,,,https://2b.zol-img.com.cn/product/198_320x240/555/ceQDYcnTzI2cc.jpg,"适用类型：企业级（服务器）
CPU系列：Xeon E系列
CPU主频：3.4GHz
最高睿频：4.8GHz
三级缓存：12MB
插槽类型：LGA 1151
核心数量：六核心
线程数：十二线程",企业级（服务器）,Xeon E系列,3.4GHz,4.8GHz,12MB,LGA 1151,六核心,十二线程,,,,
AMD Ryzen 7 7800X3D,3099,2479.0,https://union-click.jd.com/sem.php?unionId=281&siteid=20170818001&to=https://item.jd.com/10073645784292.html,https://2d.zol-img.com.cn/product/222_320x240/425/cenfQOHuCZi0k.jpg,"适用类型：台式机
CPU系列：AMD Ryzen 7 7000系列
最高睿频：5GHz
CPU主频：暂无数据
三级缓存：96MB
插槽类型：Socket AM5
核心数量：八核心
线程数：十六线程",台式机,AMD Ryzen 7 7000系列,暂无数据,5GHz,96MB,Socket AM5,八核心,十六线程,,,,
Intel 酷睿i9 10900F,3099,,,https://2e.zol-img.com.cn/product/221_320x240/978/ceBa1NNgcEEDM.jpg,"适用类型：台式机
CPU系列：酷睿i9 10代系列
CPU主频：2.8GHz
最高睿频：5.2GHz
三级缓存：20MB
插槽类型：LGA 1200
核心数量：十核心
线程数：二十线程",台式机,酷睿i9 10代系列,2.8GHz,5.2GHz,20MB,LGA 1200,十核心,二十线程,,,,
Intel 酷睿 Ultra 7 265K,3199,2399.0,https://union-click.jd.com/sem.php?unionId=281&siteid=20170818001&to=https://item.jd.com/100120799071.html,https://2f.zol-img.com.cn/product/270_320x240/947/ceCaRzs9KHNB6.jpg,"适用类型：台式机
CPU系列：酷睿 Ultra 7 200系列
最高睿频：5.7GHz
CPU主频：暂无数据
三级缓存：30MB
插槽类型：LGA 1851
核心数量：20核心
线程数：20线程",台式机,酷睿 Ultra 7 200系列,暂无数据,5.7GHz,30MB,LGA 1851,20核心,20线程,,,,
AMD Ryzen 9 7900,3199,,,https://2a.zol-img.com.cn/product/222_320x240/314/ceXaHR1XwO5Ww.jpg,"适用类型：台式机
CPU系列：AMD Ryzen 9 7000系列
CPU主频：3.7GHz
最高睿频：5.4GHz
三级缓存：64MB
插槽类型：Socket AM5
核心数量：十二核心
线程数：二十四线程",台式机,AMD Ryzen 9 7000系列,3.7GHz,5.4GHz,64MB,Socket AM5,十二核心,二十四线程,,,,
Intel 酷睿 i7 14700KF,3299,2167.0,https://union-click.jd.com/sem.php?unionId=281&siteid=20170818001&to=https://item.jd.com/10089456109581.html,https://2c.zol-img.com.cn/product/254_320x240/366/ceK3nYha9nXTI.jpg,"适用类型：台式机
CPU系列：酷睿i7 14代系列
最高睿频：5.6GHz
CPU主频：暂无数据
三级缓存：33MB
插槽类型：LGA 1700
核心数量：20核心
线程数：28线程",台式机,酷睿i7 14代系列,暂无数据,5.6GHz,33MB,LGA 1700,20核心,28线程,,,,
AMD Ryzen 7 1800X,3319,,,https://2e.zol-img.com.cn/product/223_320x240/236/ceY90hEKRj85.jpg,"适用类型：台式机
CPU系列：AMD Ryzen 7 1000
CPU主频：3.6GHz
动态加速频率：4GHz
三级缓存：16MB
插槽类型：Socket AM4
核心数量：八核心
线程数：十六线程",台式机,AMD Ryzen 7 1000,3.6GHz,,16MB,Socket AM4,八核心,十六线程,,,4GHz,
Intel 酷睿 i9 12900F,3389,,,https://2b.zol-img.com.cn/product/222_320x240/643/ce3ifmCRzZxW2.jpg,"适用类型：台式机
CPU系列：酷睿i9 12代系列
CPU主频：2.4GHz
最高睿频：5.1GHz
三级缓存：30MB
插槽类型：LGA 1700
核心数量：十六核心
线程数：二十四线程",台式机,酷睿i9 12代系列,2.4GHz,5.1GHz,30MB,LGA 1700,十六核心,二十四线程,,,,
Intel 酷睿i9 11900K,3430,,,https://2d.zol-img.com.cn/product/221_320x240/895/ce9F0vsXvPOuY.jpg,"适用类型：台式机
CPU系列：酷睿i9 11代系列
CPU主频：3.5GHz
最高睿频：5.3GHz
三级缓存：16MB
插槽类型：LGA 1200
核心数量：八核心
线程数：十六线程",台式机,酷睿i9 11代系列,3.5GHz,5.3GHz,16MB,LGA 1200,八核心,十六线程,,,,
Intel 酷睿i9 9900KS,3499,,,https://2e.zol-img.com.cn/product/223_320x240/502/ce8Jt54MaePAM.jpg,"适用类型：台式机
CPU系列：酷睿i9 9代系列
CPU主频：4GHz
最高睿频：5GHz
三级缓存：16MB
插槽类型：LGA 1151
核心数量：八核心
线程数：十六线程",台式机,酷睿i9 9代系列,4GHz,5GHz,16MB,LGA 1151,八核心,十六线程,,,,
Intel 酷睿 i7 14700K,3499,2799.0,https://union-click.jd.com/sem.php?unionId=281&siteid=20170818001&to=https://item.jd.com/10087603489125.html,https://2c.zol-img.com.cn/product/254_320x240/366/ceK3nYha9nXTI.jpg,"适用类型：台式机
CPU系列：酷睿i7 14代系列
CPU主频：2.5GHz
最高睿频：5.6GHz
三级缓存：33MB
插槽类型：LGA 1700
核心数量：20核心
线程数：28线程",台式机,酷睿i7 14代系列,2.5GHz,5.6GHz,33MB,LGA 1700,20核心,28线程,,,,
AMD Ryzen 9 3900XT,3599,,,https://2b.zol-img.com.cn/product/225_320x240/445/ceZ2dQ0DnYBE.jpg,"适用类型：台式机
CPU系列：AMD Ryzen 9 3000
CPU主频：3.8GHz
动态加速频率：4.7GHz
三级缓存：64MB
插槽类型：Socket AM4
核心数量：十二核心
线程数：二十四线程",台式机,AMD Ryzen 9 3000,3.8GHz,,64MB,Socket AM4,十二核心,二十四线程,,,4.7GHz,
Intel 酷睿i9 11900F,3699,,,https://2a.zol-img.com.cn/product/221_320x240/904/cetFQUEcXngMk.jpg,"适用类型：台式机
CPU系列：酷睿i9 11代系列
CPU主频：2.5GHz
最高睿频：5.2GHz
三级缓存：16MB
插槽类型：LGA 1200
核心数量：八核心
线程数：十六线程",台式机,酷睿i9 11代系列,2.5GHz,5.2GHz,16MB,LGA 1200,八核心,十六线程,,,,
Intel 酷睿 i7 13700KF,3700,2499.0,https://union-click.jd.com/sem.php?unionId=281&siteid=20170818001&to=https://item.jd.com/10061565047909.html,https://2c.zol-img.com.cn/product/222_320x240/44/cek7FFD5mDM1M.jpg,"适用类型：台式机
CPU系列：酷睿i7 13代系列
CPU主频：3.4GHz
最高睿频：5.4GHz
三级缓存：30MB
插槽类型：LGA 1700
核心数量：十六核心
线程数：二十四线程",台式机,酷睿i7 13代系列,3.4GHz,5.4GHz,30MB,LGA 1700,十六核心,二十四线程,,,,
Intel 酷睿i9 11900,3780,,,https://2c.zol-img.com.cn/product/221_320x240/900/ceIc5UoiRD9iM.jpg,"适用类型：台式机
CPU系列：酷睿i9 11代系列
CPU主频：2.5GHz
最高睿频：5.2GHz
三级缓存：16MB
插槽类型：LGA 1200
核心数量：八核心
线程数：十六线程",台式机,酷睿i9 11代系列,2.5GHz,5.2GHz,16MB,LGA 1200,八核心,十六线程,,,,
AMD Ryzen 7 9800X3D,3799,3999.0,https://union-click.jd.com/sem.php?unionId=281&siteid=20170818001&to=https://item.jd.com/100147630258.html,https://2e.zol-img.com.cn/product/270_320x240/154/ceUXdJKblVKvc.jpg,"适用类型：台式机
CPU系列：AMD Ryzen 7 9000系列
CPU主频：4.7GHz
动态加速频率：5.2GHz
三级缓存：96MB
插槽类型：Socket AM5
核心数量：8核心
线程数：16线程",台式机,AMD Ryzen 7 9000系列,4.7GHz,,96MB,Socket AM5,8核心,16线程,,,5.2GHz,
Intel 酷睿i9 10920X,3830,,,https://2f.zol-img.com.cn/product/221_320x240/435/ceJpKtEEi9gAY.jpg,"适用类型：台式机
CPU系列：酷睿i9 10代系列
CPU主频：3.5GHz
最高睿频：4.6GHz
三级缓存：19.25MB
插槽类型：LGA 2066
核心数量：十二核心
线程数：二十四线程",台式机,酷睿i9 10代系列,3.5GHz,4.6GHz,19.25MB,LGA 2066,十二核心,二十四线程,,,,
Intel 酷睿 i9 12900,3880,,,https://2d.zol-img.com.cn/product/222_320x240/645/ceazVdyUAJlc.jpg,"适用类型：台式机
CPU系列：酷睿i9 12代系列
CPU主频：2.4GHz
最高睿频：5.1GHz
三级缓存：30MB
插槽类型：LGA 1700
核心数量：十六核心
线程数：二十四线程",台式机,酷睿i9 12代系列,2.4GHz,5.1GHz,30MB,LGA 1700,十六核心,二十四线程,,,,
Intel 酷睿i9 9820X,3899,,,https://2c.zol-img.com.cn/product/221_320x240/444/ceCJomjw2VQ0I.jpg,"适用类型：台式机
CPU系列：酷睿i9 X系列
CPU主频：3.3GHz
最高睿频：4.2GHz
三级缓存：16.5M
插槽类型：暂无数据
核心数量：十核心
线程数：二十线程",台式机,酷睿i9 X系列,3.3GHz,4.2GHz,16.5M,暂无数据,十核心,二十线程,,,,
Intel 酷睿 i7 13700K,3900,2408.0,https://union-click.jd.com/sem.php?unionId=281&siteid=20170818001&to=https://item.jd.com/10068712540026.html,https://2a.zol-img.com.cn/product/222_320x240/54/celaDB8FF6rAo.jpg,"适用类型：台式机
CPU系列：酷睿i7 13代系列
CPU主频：3.4GHz
最高睿频：5.4GHz
三级缓存：30MB
插槽类型：LGA 1700
核心数量：十六核心
线程数：二十四线程",台式机,酷睿i7 13代系列,3.4GHz,5.4GHz,30MB,LGA 1700,十六核心,二十四线程,,,,
Intel 酷睿i7 7820X,3999,,,https://2b.zol-img.com.cn/product/223_320x240/929/ceRaoeI3IVh9o.jpg,"适用类型：台式机
CPU系列：酷睿i7 X系列
CPU主频：3.6GHz
最高睿频：4.3GHz
三级缓存：11MB
插槽类型：LGA 2066
核心数量：八核心
线程数：十六线程",台式机,酷睿i7 X系列,3.6GHz,4.3GHz,11MB,LGA 2066,八核心,十六线程,,,,
Intel 酷睿i9 10850K,3999,,,https://2f.zol-img.com.cn/product/221_320x240/101/ce7sG7zvwqpM.jpg,"适用类型：台式机
CPU系列：酷睿i9 10代系列
CPU主频：3.6GHz
最高睿频：5.2GHz
三级缓存：20MB
插槽类型：LGA 1200
核心数量：十核心
线程数：二十线程",台式机,酷睿i9 10代系列,3.6GHz,5.2GHz,20MB,LGA 1200,十核心,二十线程,,,,
Intel 酷睿i9 10900K 复仇者联盟珍藏版,4199,,,https://2f.zol-img.com.cn/product/221_320x240/991/ceTzqqKFZLUWo.jpg,"适用类型：台式机
CPU系列：酷睿i9 10代系列
CPU主频：3.7GHz
最高睿频：5.3GHz
三级缓存：20MB
插槽类型：LGA 1200
核心数量：十核心
线程数：二十线程",台式机,酷睿i9 10代系列,3.7GHz,5.3GHz,20MB,LGA 1200,十核心,二十线程,,,,
Intel 酷睿i9 10900K,4210,,,https://2d.zol-img.com.cn/product/221_320x240/971/ceR91P2k32ZT.jpg,"适用类型：台式机
CPU系列：酷睿i9 10代系列
CPU主频：3.7GHz
最高睿频：5.3GHz
三级缓存：20MB
插槽类型：LGA 1200
核心数量：十核心
线程数：二十线程",台式机,酷睿i9 10代系列,3.7GHz,5.3GHz,20MB,LGA 1200,十核心,二十线程,,,,
Intel 酷睿 i9 12900KF,4230,,,https://2b.zol-img.com.cn/product/222_320x240/745/cexbSHCTxhxlk.jpg,"适用类型：台式机
CPU系列：酷睿i9 12代系列
CPU主频：3.1GHz
最高睿频：5.2GHz
三级缓存：30MB
插槽类型：LGA 1700
核心数量：十六核心
线程数：二十四线程",台式机,酷睿i9 12代系列,3.1GHz,5.2GHz,30MB,LGA 1700,十六核心,二十四线程,,,,
Intel 酷睿i9 7900X,4299,,,https://2e.zol-img.com.cn/product/221_320x240/434/cePn8qGc87TQ.jpg,"适用类型：台式机
CPU系列：酷睿i9 X系列
CPU主频：3.3GHz
最高睿频：4.3GHz
三级缓存：13.75MB
插槽类型：LGA 2066
核心数量：十核心
线程数：二十线程",台式机,酷睿i9 X系列,3.3GHz,4.3GHz,13.75MB,LGA 2066,十核心,二十线程,,,,
AMD Ryzen 9 7900X,4299,2369.0,https://union-click.jd.com/sem.php?unionId=281&siteid=20170818001&to=https://item.jd.com/10061637321330.html,https://2a.zol-img.com.cn/product/222_320x240/314/ceXaHR1XwO5Ww.jpg,"适用类型：台式机
CPU系列：AMD Ryzen 9 7000系列
CPU主频：4.7GHz
最高睿频：5.6GHz
三级缓存：64MB
插槽类型：Socket AM5
核心数量：十二核心
线程数：二十四线程",台式机,AMD Ryzen 9 7000系列,4.7GHz,5.6GHz,64MB,Socket AM5,十二核心,二十四线程,,,,
Intel 酷睿 i9 12900K,4430,3099.0,https://union-click.jd.com/sem.php?unionId=281&siteid=20170818001&to=https://item.jd.com/10039470575692.html,https://2c.zol-img.com.cn/product/219_320x240/744/ce7TcIDQpXAU.jpg,"适用类型：台式机
CPU系列：酷睿i9 12代系列
CPU主频：3.9GHz
动态加速频率：5.1GHz
三级缓存：30MB
插槽类型：LGA 1700
核心数量：十六核心
线程数：二十四线程",台式机,酷睿i9 12代系列,3.9GHz,,30MB,LGA 1700,十六核心,二十四线程,,,5.1GHz,
Intel 酷睿i9 10940X,4480,,,https://2e.zol-img.com.cn/product/221_320x240/446/ceO6uJsrfiMbg.jpg,"适用类型：台式机
CPU系列：酷睿i9 10代系列
CPU主频：3.3GHz
最高睿频：4.8GHz
三级缓存：19.25MB
插槽类型：LGA 2066
核心数量：十四核心
线程数：二十八线程",台式机,酷睿i9 10代系列,3.3GHz,4.8GHz,19.25MB,LGA 2066,十四核心,二十八线程,,,,
AMD Ryzen 9 7900X3D,4499,,,https://2a.zol-img.com.cn/product/222_320x240/314/ceXaHR1XwO5Ww.jpg,"适用类型：台式机
CPU系列：AMD Ryzen 9 7000系列
CPU主频：4.4GHz
最高睿频：5.6GHz
三级缓存：128MB
插槽类型：Socket AM5
核心数量：十二核心
线程数：二十四线程",台式机,AMD Ryzen 9 7000系列,4.4GHz,5.6GHz,128MB,Socket AM5,十二核心,二十四线程,,,,
Intel 酷睿 i9 13900F,4599,,,https://2a.zol-img.com.cn/product/222_320x240/12/cepiCNODl0ycU.jpg,"适用类型：台式机
CPU系列：酷睿i9 13代系列
CPU主频：2GHz
最高睿频：5.6GHz
三级缓存：36MB
插槽类型：LGA 1700
核心数量：二十四核心
线程数：三十二线程",台式机,酷睿i9 13代系列,2GHz,5.6GHz,36MB,LGA 1700,二十四核心,三十二线程,,,,
AMD Ryzen Threadripper 2920X,4699,,,https://2f.zol-img.com.cn/product/221_320x240/305/ce1PrPlFo2HI.jpg,"适用类型：台式机
CPU系列：AMD Ryzen Threadripper 2000
CPU主频：3.5GHz
动态加速频率：4.3GHz
三级缓存：32MB
插槽类型：Socket TR4
核心数量：十二核心
线程数：二十四线程",台式机,AMD Ryzen Threadripper 2000,3.5GHz,,32MB,Socket TR4,十二核心,二十四线程,,,4.3GHz,
Intel 酷睿 i9 14900KF,4799,3199.0,https://union-click.jd.com/sem.php?unionId=281&siteid=20170818001&to=https://item.jd.com/100069427204.html,https://2f.zol-img.com.cn/product/264_320x240/749/ceuNTDIw8dfVc.png,"适用类型：台式机
CPU系列：酷睿i9 14代系列
最高睿频：6GHz
CPU主频：暂无数据
三级缓存：36MB
插槽类型：LGA 1700
核心数量：24核心
线程数：32线程",台式机,酷睿i9 14代系列,暂无数据,6GHz,36MB,LGA 1700,24核心,32线程,,,,
Intel 酷睿 Ultra 9 285K,4799,4699.0,https://union-click.jd.com/sem.php?unionId=281&siteid=20170818001&to=https://item.jd.com/100145512952.html,https://2d.zol-img.com.cn/product/270_320x240/945/ce3PuFiNzSRTI.jpg,"适用类型：台式机
CPU系列：酷睿 Ultra 9 200系列
最高睿频：5.7GHz
CPU主频：暂无数据
三级缓存：36MB
插槽类型：LGA 1851
核心数量：24核心
线程数：24线程",台式机,酷睿 Ultra 9 200系列,暂无数据,5.7GHz,36MB,LGA 1851,24核心,24线程,,,,
Intel 酷睿 i9 13900,4899,,,https://2a.zol-img.com.cn/product/222_320x240/12/cepiCNODl0ycU.jpg,"适用类型：台式机
CPU系列：酷睿i9 13代系列
CPU主频：2GHz
最高睿频：5.6GHz
三级缓存：36MB
插槽类型：LGA 1700
核心数量：二十四核心
线程数：三十二线程",台式机,酷睿i9 13代系列,2GHz,5.6GHz,36MB,LGA 1700,二十四核心,三十二线程,,,,
Intel 酷睿i9 10900KF,4899,,,https://2b.zol-img.com.cn/product/221_320x240/993/ceSgu6ub070Q.jpg,"适用类型：台式机
CPU系列：酷睿i9 10代系列
CPU主频：3.7GHz
最高睿频：5.3GHz
三级缓存：20MB
插槽类型：LGA 1200
核心数量：十核心
线程数：二十线程",台式机,酷睿i9 10代系列,3.7GHz,5.3GHz,20MB,LGA 1200,十核心,二十线程,,,,
Intel 酷睿 i9 14900K,4999,3399.0,https://union-click.jd.com/sem.php?unionId=281&siteid=20170818001&to=https://item.jd.com/100070072275.html,https://2f.zol-img.com.cn/product/264_320x240/749/ceuNTDIw8dfVc.png,"适用类型：台式机
CPU系列：酷睿i9 14代系列
最高睿频：6GHz
CPU主频：暂无数据
三级缓存：36MB
插槽类型：LGA 1700
核心数量：24核心
线程数：32线程",台式机,酷睿i9 14代系列,暂无数据,6GHz,36MB,LGA 1700,24核心,32线程,,,,
Intel 酷睿 i9 13900KF,5200,2788.0,https://union-click.jd.com/sem.php?unionId=281&siteid=20170818001&to=https://item.jd.com/10066416959272.html,https://2b.zol-img.com.cn/product/222_320x240/7/ce368TAKNZjA.jpg,"适用类型：台式机
CPU系列：酷睿i9 13代系列
CPU主频：3GHz
最高睿频：5.8GHz
三级缓存：36MB
插槽类型：LGA 1700
核心数量：二十四核心
线程数：三十二线程",台式机,酷睿i9 13代系列,3GHz,5.8GHz,36MB,LGA 1700,二十四核心,三十二线程,,,,
AMD Ryzen 9 5950X,5270,3699.0,https://union-click.jd.com/sem.php?unionId=281&siteid=20170818001&to=https://item.jd.com/100009085707.html,https://2f.zol-img.com.cn/product/220_320x240/969/ceSHNNETcJ8Bs.jpg,"适用类型：台式机
CPU系列：AMD Ryzen 9 5000
CPU主频：3.4GHz
动态加速频率：4.9GHz
三级缓存：64MB
插槽类型：Socket AM4
核心数量：十六核心
线程数：三十二线程",台式机,AMD Ryzen 9 5000,3.4GHz,,64MB,Socket AM4,十六核心,三十二线程,,,4.9GHz,
AMD Ryzen 9 7950X3D,5299,4600.0,https://union-click.jd.com/sem.php?unionId=281&siteid=20170818001&to=https://item.jd.com/10069783691483.html,https://2a.zol-img.com.cn/product/222_320x240/314/ceXaHR1XwO5Ww.jpg,"适用类型：台式机
CPU系列：AMD Ryzen 9 7000系列
CPU主频：4.2GHz
最高睿频：5.7GHz
三级缓存：128MB
插槽类型：Socket AM5
核心数量：十六核心
线程数：三十二线程",台式机,AMD Ryzen 9 7000系列,4.2GHz,5.7GHz,128MB,Socket AM5,十六核心,三十二线程,,,,
Intel 酷睿i9 10980XE,5480,6339.0,https://union-click.jd.com/sem.php?unionId=281&siteid=20170818001&to=https://item.jd.com/25892820000.html,https://2c.zol-img.com.cn/product/221_320x240/432/cegPiVdAXCu.jpg,"适用类型：台式机
CPU系列：酷睿i9 10代系列
CPU主频：3GHz
最高睿频：4.6GHz
三级缓存：24.75MB
插槽类型：LGA 2066
核心数量：十八核心
线程数：三十六线程",台式机,酷睿i9 10代系列,3GHz,4.6GHz,24.75MB,LGA 2066,十八核心,三十六线程,,,,
AMD Ryzen 9 7950X,5499,3469.0,https://union-click.jd.com/sem.php?unionId=281&siteid=20170818001&to=https://item.jd.com/100039537667.html,https://2a.zol-img.com.cn/product/222_320x240/314/ceXaHR1XwO5Ww.jpg,"适用类型：台式机
CPU系列：AMD Ryzen 9 7000系列
CPU主频：4.5GHz
最高睿频：5.7GHz
三级缓存：64MB
插槽类型：Socket AM5
核心数量：十六核心
线程数：三十二线程",台式机,AMD Ryzen 9 7000系列,4.5GHz,5.7GHz,64MB,Socket AM5,十六核心,三十二线程,,,,
Intel 酷睿 i9 13900K,5500,1988.0,https://union-click.jd.com/sem.php?unionId=281&siteid=20170818001&to=https://item.jd.com/10066416959271.html,https://2a.zol-img.com.cn/product/222_320x240/12/cepiCNODl0ycU.jpg,"适用类型：台式机
CPU系列：酷睿i9 13代系列
CPU主频：3GHz
最高睿频：5.8GHz
三级缓存：36MB
插槽类型：LGA 1700
核心数量：二十四核心
线程数：三十二线程",台式机,酷睿i9 13代系列,3GHz,5.8GHz,36MB,LGA 1700,二十四核心,三十二线程,,,,
Intel 酷睿i9 9900X,5599,,,https://2d.zol-img.com.cn/product/221_320x240/439/ceCcFRwwkYN6c.jpg,"适用类型：台式机
CPU系列：酷睿i9 X系列
CPU主频：3.5GHz
最高睿频：4.4GHz
三级缓存：19MB
插槽类型：暂无数据
核心数量：十核心
线程数：二十线程",台式机,酷睿i9 X系列,3.5GHz,4.4GHz,19MB,暂无数据,十核心,二十线程,,,,
Intel Xeon E 2288G,5599,,,https://2f.zol-img.com.cn/product/198_320x240/643/ce1ijeuUIrDww.jpg,"适用类型：企业级（服务器）
CPU系列：Xeon E系列
CPU主频：3.7GHz
最高睿频：5GHz
三级缓存：16MB
插槽类型：LGA 1151
核心数量：八核心
线程数：十六线程",企业级（服务器）,Xeon E系列,3.7GHz,5GHz,16MB,LGA 1151,八核心,十六线程,,,,
Intel 酷睿 i9 12900KS,5630,,,https://2d.zol-img.com.cn/product/222_320x240/639/cepTOmcMJjLwo.jpg,"适用类型：台式机
CPU系列：酷睿i9 12代系列
最高睿频：5.5GHz
CPU主频：暂无数据
三级缓存：30MB
插槽类型：LGA 1700
核心数量：十六核心
线程数：二十四线程",台式机,酷睿i9 12代系列,暂无数据,5.5GHz,30MB,LGA 1700,十六核心,二十四线程,,,,
AMD Ryzen 9 3950X,5749,,,https://2e.zol-img.com.cn/product/225_320x240/466/ceCdXSuSTuwMU.jpg,"适用类型：台式机
CPU系列：AMD Ryzen 9 3000
CPU主频：3.5GHz
动态加速频率：4.7GHz
三级缓存：64MB
插槽类型：Socket AM4
核心数量：十六核心
线程数：三十二线程",台式机,AMD Ryzen 9 3000,3.5GHz,,64MB,Socket AM4,十六核心,三十二线程,,,4.7GHz,
Intel 酷睿i9 9940X,5999,,,https://2e.zol-img.com.cn/product/221_320x240/440/cebVdc7Om2L5o.jpg,"适用类型：台式机
CPU系列：酷睿i9 X系列
CPU主频：3.3GHz
最高睿频：4.4GHz
三级缓存：19MB
插槽类型：暂无数据
核心数量：十四核心
线程数：二十八线程",台式机,酷睿i9 X系列,3.3GHz,4.4GHz,19MB,暂无数据,十四核心,二十八线程,,,,
Intel 酷睿i9 11900KF,5999,1749.0,https://union-click.jd.com/sem.php?unionId=281&siteid=20170818001&to=https://item.jd.com/10078806573281.html,https://2b.zol-img.com.cn/product/221_320x240/905/ceemPe1UHOBos.jpg,"适用类型：台式机
CPU系列：酷睿i9 11代系列
CPU主频：3.5GHz
最高睿频：5.3GHz
三级缓存：16MB
插槽类型：LGA 1200
核心数量：八核心
线程数：十六线程",台式机,酷睿i9 11代系列,3.5GHz,5.3GHz,16MB,LGA 1200,八核心,十六线程,,,,
Intel 酷睿 i9 13900KS,5999,,,https://2e.zol-img.com.cn/product/227_320x240/628/ceQS373TXyC2.png,"适用类型：台式机
CPU系列：酷睿i9 13代系列
CPU主频：3.2GHz
最高睿频：6GHz
三级缓存：36MB
插槽类型：LGA 1700
核心数量：二十四核心
线程数：三十二线程",台式机,酷睿i9 13代系列,3.2GHz,6GHz,36MB,LGA 1700,二十四核心,三十二线程,,,,
AMD Ryzen Threadripper 2950X,5999,,,https://2a.zol-img.com.cn/product/221_320x240/306/ceQd8fhnHx8k.jpg,"适用类型：台式机
CPU系列：AMD Ryzen Threadripper 2000
CPU主频：3.5GHz
动态加速频率：4.4GHz
三级缓存：32MB
插槽类型：Socket TR4
核心数量：十六核心
线程数：三十二线程",台式机,AMD Ryzen Threadripper 2000,3.5GHz,,32MB,Socket TR4,十六核心,三十二线程,,,4.4GHz,
Intel 酷睿 i9 14900KS,6299,5499.0,https://union-click.jd.com/sem.php?unionId=281&siteid=20170818001&to=https://item.jd.com/100101957426.html,https://2f.zol-img.com.cn/product/264_320x240/749/ceuNTDIw8dfVc.png,"适用类型：台式机
CPU系列：酷睿i9 14代系列
最高睿频：6.2GHz
CPU主频：暂无数据
三级缓存：36MB
插槽类型：LGA 1700
核心数量：24核心
线程数：32线程",台式机,酷睿i9 14代系列,暂无数据,6.2GHz,36MB,LGA 1700,24核心,32线程,,,,
Intel 酷睿i9 9960X,6799,,,https://2b.zol-img.com.cn/product/221_320x240/443/ceZCQT6ezK0xc.jpg,"适用类型：台式机
CPU系列：酷睿i9 X系列
CPU主频：3.1GHz
最高睿频：4.4GHz
三级缓存：22MB
插槽类型：暂无数据
核心数量：十六核心
线程数：三十二线程",台式机,酷睿i9 X系列,3.1GHz,4.4GHz,22MB,暂无数据,十六核心,三十二线程,,,,
AMD Ryzen Threadripper 2970WX,6799,,,https://2a.zol-img.com.cn/product/221_320x240/306/ceQd8fhnHx8k.jpg,"适用类型：台式机
CPU系列：AMD Ryzen Threadripper 2000
CPU主频：3GHz
动态加速频率：4.2GHz
三级缓存：64MB
插槽类型：Socket TR4
核心数量：二十四核心
线程数：四十八线程",台式机,AMD Ryzen Threadripper 2000,3GHz,,64MB,Socket TR4,二十四核心,四十八线程,,,4.2GHz,
Intel 酷睿i9 9980XE,8199,,,https://2f.zol-img.com.cn/product/221_320x240/441/ce1jyxsoHHZjk.jpg,"适用类型：台式机
CPU系列：酷睿i9 X系列
CPU主频：3GHz
最高睿频：4.4GHz
三级缓存：25MB
插槽类型：暂无数据
核心数量：十八核心
线程数：三十六线程",台式机,酷睿i9 X系列,3GHz,4.4GHz,25MB,暂无数据,十八核心,三十六线程,,,,
AMD Ryzen ThreadRipper Pro 3955WX,8379,,,https://2d.zol-img.com.cn/product/222_320x240/115/ceyUehNik1Jf.jpg,"适用类型：台式机
CPU系列：AMD Ryzen Threadripper 3000
CPU主频：3.9GHz
动态加速频率：4.4GHz
三级缓存：64MB
插槽类型：暂无数据
核心数量：十六核心
线程数：三十二线程",台式机,AMD Ryzen Threadripper 3000,3.9GHz,,64MB,暂无数据,十六核心,三十二线程,,,4.4GHz,
Intel 酷睿i9 9920X,8999,,,https://2c.zol-img.com.cn/product/221_320x240/438/ceijIQNEKpP72.jpg,"适用类型：台式机
CPU系列：酷睿i9 X系列
CPU主频：3.5GHz
最高睿频：4.4GHz
三级缓存：19MB
插槽类型：暂无数据
核心数量：十二核心
线程数：二十四线程",台式机,酷睿i9 X系列,3.5GHz,4.4GHz,19MB,暂无数据,十二核心,二十四线程,,,,
AMD Ryzen Threadripper 2990WX,10999,,,https://2c.zol-img.com.cn/product/221_320x240/308/ceIea0YfGmfVc.jpg,"适用类型：台式机
CPU系列：AMD Ryzen Threadripper 2000
CPU主频：3GHz
动态加速频率：4.2GHz
三级缓存：64MB
插槽类型：暂无数据
核心数量：三十二核心
线程数：六十四线程",台式机,AMD Ryzen Threadripper 2000,3GHz,,64MB,暂无数据,三十二核心,六十四线程,,,4.2GHz,
Intel 酷睿i9 7960X,11899,,,https://2d.zol-img.com.cn/product/221_320x240/433/ceFSztoy6rUrA.jpg,"适用类型：台式机
CPU系列：酷睿i9 X系列
CPU主频：2.8GHz
最高睿频：4.2GHz
三级缓存：22MB
插槽类型：LGA 2066
核心数量：十六核心
线程数：三十二线程",台式机,酷睿i9 X系列,2.8GHz,4.2GHz,22MB,LGA 2066,十六核心,三十二线程,,,,
AMD Ryzen ThreadRipper 3960X,13999,,,https://2d.zol-img.com.cn/product/221_320x240/169/cenrVioyvweM.jpg,"适用类型：台式机
CPU系列：AMD Ryzen Threadripper 3000
CPU主频：3.8GHz
动态加速频率：4.5GHz
三级缓存：128MB
插槽类型：Socket sTRX4
核心数量：二十四核心
线程数：四十八线程",台式机,AMD Ryzen Threadripper 3000,3.8GHz,,128MB,Socket sTRX4,二十四核心,四十八线程,,,4.5GHz,
AMD Ryzen ThreadRipper 3970X,15999,,,https://2b.zol-img.com.cn/product/221_320x240/161/ceIOW4o5oUBpQ.jpg,"适用类型：台式机
CPU系列：AMD Ryzen Threadripper 3000
CPU主频：3.7GHz
动态加速频率：4.5GHz
三级缓存：128MB
插槽类型：Socket sTRX4
核心数量：三十二核心
线程数：六十四线程",台式机,AMD Ryzen Threadripper 3000,3.7GHz,,128MB,Socket sTRX4,三十二核心,六十四线程,,,4.5GHz,
AMD Ryzen ThreadRipper Pro 3975WX,20079,,,https://2e.zol-img.com.cn/product/222_320x240/116/ceIdrJC0UHNm2.jpg,"适用类型：台式机
CPU系列：AMD Ryzen Threadripper 3000
CPU主频：3.5GHz
动态加速频率：4.35GHz
三级缓存：128MB
插槽类型：暂无数据
核心数量：三十二核心
线程数：六十四线程",台式机,AMD Ryzen Threadripper 3000,3.5GHz,,128MB,暂无数据,三十二核心,六十四线程,,,4.35GHz,
Intel Xeon W 3175X,25999,,,https://2e.zol-img.com.cn/product/198_320x240/404/cembHZifNCCDc.jpg,"适用类型：企业级
CPU系列：Xeon 3000系列
CPU主频：3.1GHz
最高睿频：3.8GHz
三级缓存：38.5MB
插槽类型：LGA 3647
核心数量：二十八核心
线程数：五十六线程",企业级,Xeon 3000系列,3.1GHz,3.8GHz,38.5MB,LGA 3647,二十八核心,五十六线程,,,,
AMD Ryzen ThreadRipper 3990X,29999,,,https://2b.zol-img.com.cn/product/220_320x240/687/cea4xevHAJ9Do.jpg,"适用类型：台式机
CPU系列：AMD Ryzen Threadripper 3000
CPU主频：2.9GHz
动态加速频率：4.3GHz
三级缓存：256MB
插槽类型：Socket sTRX4
核心数量：六十四核心
线程数：一百二十八线程",台式机,AMD Ryzen Threadripper 3000,2.9GHz,,256MB,Socket sTRX4,六十四核心,一百二十八线程,,,4.3GHz,
AMD Ryzen ThreadRipper Pro 3995WX,40079,32700.0,https://union-click.jd.com/sem.php?unionId=281&siteid=20170818001&to=https://item.jd.com/10027452633552.html,https://2d.zol-img.com.cn/product/220_320x240/685/cep2pUoK94BWQ.jpg,"适用类型：台式机
CPU系列：AMD Ryzen Threadripper 3000
CPU主频：2.7GHz
动态加速频率：4.2GHz
三级缓存：256MB
插槽类型：暂无数据
核心数量：六十四核心
线程数：一百二十八线程",台式机,AMD Ryzen Threadripper 3000,2.7GHz,,256MB,暂无数据,六十四核心,一百二十八线程,,,4.2GHz,
AMD Ryzen ThreadRipper Pro 5995WX,49999,31000.0,https://union-click.jd.com/sem.php?unionId=281&siteid=20170818001&to=https://item.jd.com/10058201628462.html,https://2d.zol-img.com.cn/product/222_320x240/121/cepZxdvFtiw6w.jpg,"适用类型：台式机
CPU系列：AMD Ryzen Threadripper 5000
CPU主频：2.7GHz
动态加速频率：4.5GHz
三级缓存：256MB
插槽类型：sWRX8
核心数量：六十四核心
线程数：一百二十八线程",台式机,AMD Ryzen Threadripper 5000,2.7GHz,,256MB,sWRX8,六十四核心,一百二十八线程,,,4.5GHz,
