product_id,title,reference_price,current_price,jd_url,image_url,specs,shop_name,comment_count,crawl_time
100145633798,华硕ROG STRIX Z890-A GAMING WIFI S吹雪,3599.0,2898.0,https://union-click.jd.com/sem.php?unionId=281&siteid=20170818001&to=https://item.jd.com/100145633798.html,https://2a.zol-img.com.cn/product/270_320x240/166/cerVF8k3NB4Pw.jpg,"主芯片组：Intel Z890
音频芯片：集成Realtek ALC4080 7.1声道音效芯....>>
内存类型：4×DDR5 DIMM
最大内存容量：192GB
主板板型：ATX板型
外形尺寸：30.5×24.4cm
电源插口：两个8针，一个24针电源接口
供电模式：16+1+2+2相",华硕京东自营旗舰店,50000.0,2025-04-27 17:32:25
10066187493112,微星MAG B650M MORTAR WIFI,1699.0,1159.0,https://union-click.jd.com/sem.php?unionId=281&siteid=20170818001&to=https://item.jd.com/10066187493112.html,https://2f.zol-img.com.cn/product/223_320x240/759/ceSXuAsG4WNws.jpg,"主芯片组：AMD B650
音频芯片：集成Realtek ALC4080 7.1声道音效芯....>>
内存类型：4×DDR5 DIMM
最大内存容量：128GB
主板板型：Micro ATX板型
外形尺寸：暂无数据
电源插口：暂无数据
供电模式：暂无数据",新东海晨旭电脑配件专营店,5.0,2025-04-27 17:32:37
100017553393,技嘉H610M H DDR4,699.0,499.0,https://union-click.jd.com/sem.php?unionId=281&siteid=20170818001&to=https://item.jd.com/100017553393.html,https://2d.zol-img.com.cn/product/221_320x240/671/ceynRHJ9IBguM.jpg,"主芯片组：Intel H610
音频芯片：集成Realtek 7.1声道音效芯片
内存类型：2×DDR4 DIMM
最大内存容量：64GB
主板板型：Micro ATX板型
外形尺寸：23.0×21.5cm
电源插口：一个8针，一个24针电源接口
供电模式：6+1+1相",技嘉京东自营官方旗舰店,20000.0,2025-04-27 17:32:59
69297391268,铭瑄 MS-终结者 B760M D4 WIFI,999.0,769.0,https://union-click.jd.com/sem.php?unionId=281&siteid=20170818001&to=https://item.jd.com/69297391268.html,https://2a.zol-img.com.cn/product/226_320x240/426/ceTT7qKKJW85E.jpg,"主芯片组：Intel B760
音频芯片：集成Realtek ALC897 音效芯片
内存类型：4×DDR4 DIMM
最大内存容量：128GB
主板板型：Micro ATX板型
外形尺寸：24.5×24.5cm
电源插口：一个4针，一个8针，一个24针电源接口
供电模式：8+1+1相",亿捷电脑配件专营店,1000.0,2025-04-27 17:33:10
10053663342317,精粤H610M-VDH,363.0,368.0,https://union-click.jd.com/sem.php?unionId=281&siteid=20170818001&to=https://item.jd.com/10053663342317.html,https://2a.zol-img.com.cn/product/238_320x240/844/ce3fgEGkDJIN.jpg,"主芯片组：Intel H610
音频芯片：暂无数据
内存类型：2×DDR4 DIMM
最大内存容量：64GB
主板板型：Micro ATX板型
外形尺寸：24×19cm
电源插口：暂无数据
供电模式：暂无数据",精粤旗舰店,10000.0,2025-04-27 17:33:22
100051301799,华硕TUF GAMING B760M-PLUS D4重炮手,1249.0,1149.0,https://union-click.jd.com/sem.php?unionId=281&siteid=20170818001&to=https://item.jd.com/100051301799.html,https://2c.zol-img.com.cn/product/229_320x240/416/ceYoWQp2oU7vE.jpg,"主芯片组：Intel B760
音频芯片：集成Realtek 7.1声道音效芯片
内存类型：4×DDR4 DIMM
最大内存容量：128GB
主板板型：Micro ATX板型
外形尺寸：24.4×24.4cm
电源插口：一个4针，一个8针，一个24针电源接口
供电模式：暂无数据",华硕京东自营旗舰店,200000.0,2025-04-27 17:33:36
100008241285,华硕PRIME A520M-K,499.0,459.0,https://union-click.jd.com/sem.php?unionId=281&siteid=20170818001&to=https://item.jd.com/100008241285.html,https://2d.zol-img.com.cn/product/224_320x240/705/ceEto4VKrcEw.jpg,"主芯片组：AMD A520
音频芯片：集成Realtek ALC887 7.1声道音效芯片
内存类型：2×DDR4 DIMM
最大内存容量：64GB
主板板型：Micro ATX板型
外形尺寸：22.6×22.1cm
电源插口：一个8针，一个24针电源接口
供电模式：暂无数据",华硕京东自营旗舰店,10000.0,2025-04-27 17:34:01
100031223682,华硕PRIME B660M-K D4,899.0,849.0,https://union-click.jd.com/sem.php?unionId=281&siteid=20170818001&to=https://item.jd.com/100031223682.html,https://2f.zol-img.com.cn/product/220_320x240/399/ce0CL6XfQGh7Y.jpg,"主芯片组：Intel B660
音频芯片：集成Realtek 7.1声道音效芯片
内存类型：2×DDR4 DIMM
最大内存容量：64GB
主板板型：Micro ATX板型
外形尺寸：24.4×21.1cm
电源插口：一个8针，一个24针电源接口
供电模式：暂无数据",华硕京东自营旗舰店,50000.0,2025-04-27 17:34:14
100177908276,微星MPG X870E EDGE TI WIFI,3199.0,3099.0,https://union-click.jd.com/sem.php?unionId=281&siteid=20170818001&to=https://item.jd.com/100177908276.html,https://2b.zol-img.com.cn/product/271_320x240/305/celMYgYYCMc.jpg,"主芯片组：AMD X870E
音频芯片：集成Realtek ALC4080 7.1声道音效芯....>>
内存类型：4×DDR5 DIMM
最大内存容量：256GB
主板板型：ATX板型
外形尺寸：24.384×30.48cm
电源插口：三个8针，一个24针电源接口
供电模式：14+2+1相",微星京东自营旗舰店,50000.0,2025-04-27 17:34:27
100119905987,华硕ROG CROSSHAIR X870E HERO,4899.0,4899.0,https://union-click.jd.com/sem.php?unionId=281&siteid=20170818001&to=https://item.jd.com/100119905987.html,https://2f.zol-img.com.cn/product/269_320x240/959/cexPqD48jNhw.png,"主芯片组：AMD X870E
音频芯片：集成Realtek ALC4082 7.1声道音效芯....>>
内存类型：4×DDR5 DIMM
最大内存容量：192GB
主板板型：ATX板型
外形尺寸：30.5×24.4cm
电源插口：三个8针，一个24针电源接口
供电模式：18+2+2相",华硕京东自营旗舰店,20000.0,2025-04-27 17:34:59
10067767429973,华硕TUF GAMING B760M-PLUS WIFI D4重炮手,1299.0,1049.0,https://union-click.jd.com/sem.php?unionId=281&siteid=20170818001&to=https://item.jd.com/10067767429973.html,https://2e.zol-img.com.cn/product/229_320x240/412/cemaff8n4hpSY.jpg,"主芯片组：Intel B760
音频芯片：集成Realtek 7.1声道音效芯片
内存类型：4×DDR4 DIMM
最大内存容量：128GB
主板板型：Micro ATX板型
外形尺寸：24.4×24.4cm
电源插口：一个4针，一个8针，一个24针电源接口
供电模式：12+1相",华硕（ASUS）电脑配件旗舰店,200.0,2025-04-27 17:35:19
10100481283806,华硕PRIME H610M-A D4,779.0,609.0,https://union-click.jd.com/sem.php?unionId=281&siteid=20170818001&to=https://item.jd.com/10100481283806.html,https://2e.zol-img.com.cn/product/221_320x240/612/ce3MjCaA1hUCQ.jpg,"主芯片组：Intel H610
音频芯片：集成 7.1声道音效芯片
内存类型：2×DDR4 DIMM
最大内存容量：64GB
主板板型：Micro ATX板型
外形尺寸：22.6×21.1cm
电源插口：一个8针，一个24针电源接口
供电模式：暂无数据",e淘小店,59.0,2025-04-27 17:35:30
10115320884907,微星B450M MORTAR MAX,449.0,698.0,https://union-click.jd.com/sem.php?unionId=281&siteid=20170818001&to=https://item.jd.com/10115320884907.html,https://2c.zol-img.com.cn/product/220_320x240/784/cemBhJMU4ChUc.png,"主芯片组：AMD B450
音频芯片：集成Realtek ALC892 7.1声道音效芯片
内存类型：4×DDR4 DIMM
最大内存容量：128GB
主板板型：Micro ATX板型
外形尺寸：24.3×24.3cm
电源插口：一个8针，一个24针电源接口
供电模式：暂无数据",京宝甄选店,1.0,2025-04-27 17:36:02
100119905985,华硕TUF GAMING X870-PLUS WIFI,2599.0,2599.0,https://union-click.jd.com/sem.php?unionId=281&siteid=20170818001&to=https://item.jd.com/100119905985.html,https://2c.zol-img.com.cn/product/269_320x240/818/cek3XxnoHSa7U.jpg,"主芯片组：AMD X870
音频芯片：集成Realtek ALC1220P 7.1环绕声道高....>>
内存类型：4×DDR5 DIMM
最大内存容量：192GB
主板板型：ATX板型
外形尺寸：30.5×24.4cm
电源插口：两个8针，一个24针电源接口
供电模式：16+2+1相",华硕京东自营旗舰店,200000.0,2025-04-27 17:36:37
100063698180,华硕PRIME B650M-K,1099.0,1099.0,https://union-click.jd.com/sem.php?unionId=281&siteid=20170818001&to=https://item.jd.com/100063698180.html,https://2a.zol-img.com.cn/product/254_320x240/126/cesyr0BvVQ6Ko.jpg,"主芯片组：AMD B650
音频芯片：集成Realtek 7.1声道音效芯片
内存类型：4×DDR5 DIMM
最大内存容量：128GB
主板板型：ATX板型
外形尺寸：24.4×24.4cm
电源插口：一个8针，一个24针电源接口
供电模式：暂无数据",华硕京东自营旗舰店,200000.0,2025-04-27 17:36:49
10089909575610,华硕TUF B360M-PLUS GAMING S,879.0,288.0,https://union-click.jd.com/sem.php?unionId=281&siteid=20170818001&to=https://item.jd.com/10089909575610.html,https://2a.zol-img.com.cn/product/191_320x240/174/celVra79B2.jpg,"主芯片组：Intel B360
音频芯片：集成Realtek ALC887 8声道音效芯片
内存类型：4×DDR4 DIMM
最大内存容量：64GB
主板板型：Micro ATX板型
外形尺寸：24.4×24.4cm
电源插口：一个8针，一个24针电源接口
供电模式：4+3相",华轩诚电子科技小店,200.0,2025-04-27 17:37:01
100042247257,华硕PRIME Z790-P,1899.0,1999.0,https://union-click.jd.com/sem.php?unionId=281&siteid=20170818001&to=https://item.jd.com/100042247257.html,https://2f.zol-img.com.cn/product/229_320x240/909/ceNhJ2V1mtuqI.png,"主芯片组：Intel Z790
音频芯片：集成Realtek 7.1声道音效芯片
内存类型：4×DDR5 DIMM
最大内存容量：128GB
主板板型：ATX板型
外形尺寸：30.5×23.4cm
电源插口：一个4针，一个8针，一个24针电源接口
供电模式：暂无数据",华硕京东自营旗舰店,200000.0,2025-04-27 17:37:13
10089906584367,技嘉B650M GAMING WIFI,749.0,749.0,https://union-click.jd.com/sem.php?unionId=281&siteid=20170818001&to=https://item.jd.com/10089906584367.html,https://2f.zol-img.com.cn/product/269_320x240/295/ceXLXM0z3HEkw.png,"主芯片组：AMD B650
音频芯片：集成Realtek 7.1声道音效芯片
内存类型：2×DDR5 DIMM
最大内存容量：96GB
主板板型：Micro ATX板型
外形尺寸：24.0×22.5cm
电源插口：一个8针，一个24针电源接口
供电模式：5+2+2相",技嘉DIY旗舰店,200.0,2025-04-27 17:37:24
100051301795,华硕PRIME B760M-K D4,999.0,919.0,https://union-click.jd.com/sem.php?unionId=281&siteid=20170818001&to=https://item.jd.com/100051301795.html,https://2f.zol-img.com.cn/product/229_320x240/419/cePXsGTTuGO8Q.jpg,"主芯片组：Intel B760
音频芯片：集成Realtek 7.1声道音效芯片
内存类型：2×DDR4 DIMM
最大内存容量：128GB
主板板型：Micro ATX板型
外形尺寸：24.4×21.1cm
电源插口：一个8针，一个24针电源接口
供电模式：暂无数据",华硕京东自营旗舰店,50000.0,2025-04-27 17:37:37
10067158380539,微星PRO H610M-E DDR4,599.0,519.0,https://union-click.jd.com/sem.php?unionId=281&siteid=20170818001&to=https://item.jd.com/10067158380539.html,https://2c.zol-img.com.cn/product/234_320x240/308/ceLFgR46zU6.jpg,"主芯片组：Intel H610
音频芯片：集成Realtek ALC892/897 7.1声道音效....>>
内存类型：2×DDR4 DIMM
最大内存容量：64GB
主板板型：Micro ATX板型
外形尺寸：24.4×21.1cm
电源插口：一个8针，一个24针电源接口
供电模式：暂无数据",微星恒懿专卖店,1000.0,2025-04-27 17:37:48
100059562973,技嘉H610M K DDR4,499.0,449.0,https://union-click.jd.com/sem.php?unionId=281&siteid=20170818001&to=https://item.jd.com/100059562973.html,https://2d.zol-img.com.cn/product/267_320x240/197/cedlHWnWuqyBc.jpg,"主芯片组：Intel H610
音频芯片：集成Realtek 7.1声道音效芯片
内存类型：2×DDR4 DIMM
最大内存容量：64GB
主板板型：Micro ATX板型
外形尺寸：22.6×18.5cm
电源插口：一个8针，一个24针电源接口
供电模式：3+1+1相",技嘉京东自营官方旗舰店,20000.0,2025-04-27 17:38:00
100126263895,微星MEG X870E GODLIKE,8999.0,8999.0,https://union-click.jd.com/sem.php?unionId=281&siteid=20170818001&to=https://item.jd.com/100126263895.html,https://2b.zol-img.com.cn/product/270_320x240/293/ceXncNj6zkSWY.jpg,"主芯片组：AMD X870E
音频芯片：集成Realtek ALC4080 7.1声道音效芯....>>
内存类型：4×DDR5 DIMM
最大内存容量：256GB
主板板型：E-ATX板型
外形尺寸：30.48×27.7cm
电源插口：两个8针，一个24针电源接口
供电模式：18+2+1相",微星京东自营旗舰店,50000.0,2025-04-27 17:38:12
10071277482517,微星B760M BOMBER DDR4,899.0,639.0,https://union-click.jd.com/sem.php?unionId=281&siteid=20170818001&to=https://item.jd.com/10071277482517.html,https://2b.zol-img.com.cn/product/226_320x240/87/ce154fHIkIQLM.jpg,"主芯片组：Intel B760
音频芯片：集成Realtek ALC897 7.1声道音效芯片
内存类型：2×DDR4 DIMM
最大内存容量：64GB
主板板型：Micro ATX板型
外形尺寸：22×24.3cm
电源插口：暂无数据
供电模式：暂无数据",微星恒懿专卖店,2000.0,2025-04-27 17:38:34
100154497875,微星MAG B850M MORTAR WIFI,1499.0,1499.0,https://union-click.jd.com/sem.php?unionId=281&siteid=20170818001&to=https://item.jd.com/100154497875.html,https://2e.zol-img.com.cn/product/271_320x240/466/ceDMee4sOGYdQ.jpg,"主芯片组：AMD B850
音频芯片：集成Realtek ALC4080 7.1声道音效芯....>>
内存类型：4×DDR5 DIMM
最大内存容量：256GB
主板板型：Micro ATX板型
外形尺寸：24.384×24.384cm
电源插口：一个8针，一个24针电源接口
供电模式：12+2+1相",微星京东自营旗舰店,50000.0,2025-04-27 17:38:49
10063500207128,华硕TUF GAMING B650M-PLUS WIFI,1499.0,1229.0,https://union-click.jd.com/sem.php?unionId=281&siteid=20170818001&to=https://item.jd.com/10063500207128.html,https://2e.zol-img.com.cn/product/222_320x240/308/ceOXA09WThk.jpg,"主芯片组：AMD B650
音频芯片：集成Realtek 7.1声道音效芯片
内存类型：4×DDR5 DIMM
最大内存容量：128GB
主板板型：Micro ATX板型
外形尺寸：24.4×24.4cm
电源插口：一个4针，一个8针，一个24针电源接口
供电模式：暂无数据",京东电竞官方旗舰店,79.0,2025-04-27 17:39:01
100097664868,微星B650M GAMING PLUS WIFI,999.0,999.0,https://union-click.jd.com/sem.php?unionId=281&siteid=20170818001&to=https://item.jd.com/100097664868.html,https://2c.zol-img.com.cn/product/269_320x240/864/celdyJKGETmM.jpg,"主芯片组：AMD B650
音频芯片：集成Realtek ALC897 7.1声道音效芯片
内存类型：4×DDR5 DIMM
最大内存容量：256GB
主板板型：Micro ATX板型
外形尺寸：24.384×24.384cm
电源插口：一个8针，一个8针，一个24针电源接口
供电模式：暂无数据",微星京东自营旗舰店,50000.0,2025-04-27 17:39:14
1745746766,技嘉B760M GAMING,789.0,,,https://2d.zol-img.com.cn/product/249_320x240/979/ce4WcAyRbhw.png,"主芯片组：Intel B760
音频芯片：集成Realtek 7.1声道音效芯片
内存类型：2×DDR5 DIMM
最大内存容量：64GB
主板板型：Micro ATX板型
外形尺寸：24.4×22.5cm
电源插口：一个8针，一个24针电源接口
供电模式：暂无数据",,,2025-04-27 17:39:26
1745746768,技嘉B760 AORUS MASTER DDR4,1899.0,,,https://2d.zol-img.com.cn/product/226_320x240/635/ceBvCt7uo1iXU.jpg,"主芯片组：Intel B760
音频芯片：集成Realtek ALC1220-VB芯片
内存类型：4×DDR4 DIMM
最大内存容量：128GB
主板板型：ATX板型
外形尺寸：30.5×24.4cm
电源插口：一个4针，一个8针，一个24针电源接口
供电模式：暂无数据",,,2025-04-27 17:39:28
10067841947434,微星A520M-A PRO,499.0,379.0,https://union-click.jd.com/sem.php?unionId=281&siteid=20170818001&to=https://item.jd.com/10067841947434.html,https://2b.zol-img.com.cn/product/225_320x240/355/cewuL84UmHFoo.jpg,"主芯片组：AMD A520
音频芯片：集成Realtek ALC892 7.1声道音效芯片
内存类型：2×DDR4 DIMM
最大内存容量：64GB
主板板型：Micro ATX板型
外形尺寸：23.6×20.0cm
电源插口：一个4针，一个24针电源接口
供电模式：暂无数据",金怡电脑配件专营店,2000.0,2025-04-27 17:39:31
100069662828,微星PRO B650M-B,699.0,699.0,https://union-click.jd.com/sem.php?unionId=281&siteid=20170818001&to=https://item.jd.com/100069662828.html,https://2a.zol-img.com.cn/product/269_320x240/844/ceViymKdb9B2.jpg,"主芯片组：AMD B650
音频芯片：集成Realtek ALC897 7.1声道音效芯片
内存类型：2×DDR5 DIMM
最大内存容量：128GB
主板板型：ATX板型
外形尺寸：21.5×24.384cm
电源插口：一个8针，一个24针电源接口
供电模式：暂无数据",微星京东自营旗舰店,50000.0,2025-04-27 17:39:43
10113020019552,微星PRO H610M-S DDR4,499.0,419.0,https://union-click.jd.com/sem.php?unionId=281&siteid=20170818001&to=https://item.jd.com/10113020019552.html,https://2a.zol-img.com.cn/product/269_320x240/246/ceKF5A24NY.jpg,"主芯片组：Intel H610
音频芯片：集成Realtek ALC897 7.1声道音效芯片
内存类型：2×DDR4 DIMM
最大内存容量：64GB
主板板型：Micro ATX板型
外形尺寸：20.0×23.616cm
电源插口：一个8针，一个24针电源接口
供电模式：暂无数据",方园迪科卖场店,5.0,2025-04-27 17:39:54
10092882797741,技嘉B760M H,659.0,899.0,https://union-click.jd.com/sem.php?unionId=281&siteid=20170818001&to=https://item.jd.com/10092882797741.html,https://2c.zol-img.com.cn/product/259_320x240/446/cezp2upKwlQcI.jpg,"主芯片组：Intel B760
音频芯片：集成Realtek 7.1声道音效芯片
内存类型：2×DDR5 DIMM
最大内存容量：96GB
主板板型：Micro ATX板型
外形尺寸：23×21.5cm
电源插口：暂无数据
供电模式：暂无数据",温州金嘉电脑经营部,1.0,2025-04-27 17:40:58
100079865948,微星PRO B760M-E,799.0,649.0,https://union-click.jd.com/sem.php?unionId=281&siteid=20170818001&to=https://item.jd.com/100079865948.html,https://2b.zol-img.com.cn/product/259_320x240/907/ceUjwVmx07Nw.jpg,"主芯片组：Intel B760
音频芯片：集成Realtek ALC897 7.1声道音效芯片
内存类型：2×DDR5 DIMM
最大内存容量：64GB
主板板型：Micro ATX板型
外形尺寸：20×23.6cm
电源插口：暂无数据
供电模式：暂无数据",微星京东自营旗舰店,10000.0,2025-04-27 17:41:31
100138497941,微星B850 GAMING PLUS WIFI,1799.0,1799.0,https://union-click.jd.com/sem.php?unionId=281&siteid=20170818001&to=https://item.jd.com/100138497941.html,https://2e.zol-img.com.cn/product/270_320x240/768/ceaz57gEqJMXw.jpg,"主芯片组：AMD B850
音频芯片：集成Realtek ALC897 7.1声道音效芯片
内存类型：4×DDR5 DIMM
最大内存容量：256GB
主板板型：ATX板型
外形尺寸：30.48×24.384cm
电源插口：一个8针，一个24针电源接口
供电模式：12+2+1相",微星京东自营旗舰店,50000.0,2025-04-27 17:41:43
100072115416,微星Z790 Z790 GAMING PLUS WIFI,2099.0,1999.0,https://union-click.jd.com/sem.php?unionId=281&siteid=20170818001&to=https://item.jd.com/100072115416.html,https://2e.zol-img.com.cn/product/259_320x240/280/cevqutVo7A13Y.jpg,"主芯片组：Intel Z790
音频芯片：集成Realtek ALC897音效芯片
内存类型：4×DDR5 DIMM
最大内存容量：256GB
主板板型：ATX板型
外形尺寸：24.384×30.48cm
电源插口：暂无数据
供电模式：暂无数据",微星京东自营旗舰店,10000.0,2025-04-27 17:41:54
100088654891,微星B650M GAMING WIFI,899.0,879.0,https://union-click.jd.com/sem.php?unionId=281&siteid=20170818001&to=https://item.jd.com/100088654891.html,https://2f.zol-img.com.cn/product/269_320x240/843/ceFEyC65sdZU.jpg,"主芯片组：AMD B650
音频芯片：集成Realtek ALC897 7.1声道音效芯片
内存类型：2×DDR5 DIMM
最大内存容量：128GB
主板板型：Micro ATX板型
外形尺寸：22.6×24.384cm
电源插口：一个8针，一个24针电源接口
供电模式：暂无数据",微星京东自营旗舰店,50000.0,2025-04-27 17:42:06
100079865932,微星B760M GAMING PLUS WIFI,1399.0,1029.0,https://union-click.jd.com/sem.php?unionId=281&siteid=20170818001&to=https://item.jd.com/100079865932.html,https://2a.zol-img.com.cn/product/259_320x240/846/ceOnnmKw7oXo.jpg,"主芯片组：Intel B760
音频芯片：集成Realtek ALC897 7.1声道音效芯片
内存类型：4×DDR5 DIMM
最大内存容量：256GB
主板板型：Micro ATX板型
外形尺寸：24.384×24.384cm
电源插口：暂无数据
供电模式：暂无数据",微星京东自营旗舰店,100000.0,2025-04-27 17:42:18
100053149246,技嘉A520M K V2,549.0,379.0,https://union-click.jd.com/sem.php?unionId=281&siteid=20170818001&to=https://item.jd.com/100053149246.html,https://2b.zol-img.com.cn/product/249_320x240/971/ceFr7iRW5CyqM.jpg,"主芯片组：AMD A520
音频芯片：集成Realtek音效芯片
内存类型：2×DDR4 DIMM
最大内存容量：64GB
主板板型：Micro ATX板型
外形尺寸：23.3×19.8cm
电源插口：一个8针，一个24针电源接口
供电模式：暂无数据",技嘉京东自营官方旗舰店,50000.0,2025-04-27 17:42:40
100119905959,技嘉X870 AORUS ELITE WIFI7 ICE,2799.0,2239.0,https://union-click.jd.com/sem.php?unionId=281&siteid=20170818001&to=https://item.jd.com/100119905959.html,https://2e.zol-img.com.cn/product/269_320x240/646/ceY8BY6v9enaE.jpg,"主芯片组：AMD X870
音频芯片：集成Realtek ALC1220 7.1声道音效芯....>>
内存类型：4×DDR5 DIMM
最大内存容量：256GB
主板板型：ATX板型
外形尺寸：30.5×24.4cm
电源插口：两个8针，一个24针电源接口
供电模式：16+2+2相",技嘉京东自营官方旗舰店,50000.0,2025-04-27 17:42:52
10109598113898,微星B450M MORTAR,799.0,379.0,https://union-click.jd.com/sem.php?unionId=281&siteid=20170818001&to=https://item.jd.com/10109598113898.html,https://2c.zol-img.com.cn/product/225_320x240/916/cedqBLz3D7U6.jpg,"主芯片组：AMD B450
音频芯片：集成Realtek ALC892 7.1声道音效芯片
内存类型：4×DDR4 DIMM
最大内存容量：64GB
主板板型：Micro ATX板型
外形尺寸：24.3×24.3cm
电源插口：一个8针，一个24针电源接口
供电模式：7相",华轩诚电子科技小店,200.0,2025-04-27 17:43:19
1745747021,微星MAG B550M MORTAR WIFI,849.0,,,https://2d.zol-img.com.cn/product/220_320x240/607/cevZGPp4jZmsc.jpg,"主芯片组：AMD B550
音频芯片：集成Realtek ALC1200 7.1声道音效芯....>>
内存类型：4×DDR4 DIMM
最大内存容量：128GB
主板板型：Micro ATX板型
外形尺寸：24.4×24.4cm
电源插口：一个8针，一个24针电源接口
供电模式：暂无数据",,,2025-04-27 17:43:41
10101496279717,微星PRO H610M-S WIFI DDR4,649.0,499.0,https://union-click.jd.com/sem.php?unionId=281&siteid=20170818001&to=https://item.jd.com/10101496279717.html,https://2f.zol-img.com.cn/product/269_320x240/239/cekdhea4GNdIY.png,"主芯片组：Intel H610
音频芯片：集成Realtek ALC897 7.1声道音效芯片
内存类型：2×DDR4 DIMM
最大内存容量：64GB
主板板型：Micro ATX板型
外形尺寸：20.0×23.616cm
电源插口：一个8针，一个24针电源接口
供电模式：暂无数据",微星电脑硬件旗舰店,2000.0,2025-04-27 17:43:44
100070787729,微星PRO B760M-A DDR4 II,1399.0,899.0,https://union-click.jd.com/sem.php?unionId=281&siteid=20170818001&to=https://item.jd.com/100070787729.html,https://2a.zol-img.com.cn/product/259_320x240/864/cehts23Iuucwc.jpg,"主芯片组：Intel B760
音频芯片：集成Realtek ALC897 7.1声道音效芯片
内存类型：4×DDR5 DIMM
最大内存容量：256GB
主板板型：Micro ATX板型
外形尺寸：24.384×24.384cm
电源插口：暂无数据
供电模式：暂无数据",微星京东自营旗舰店,100000.0,2025-04-27 17:43:56
100108117448,微星PRO B760M-A WIFI DDR4 II,1049.0,999.0,https://union-click.jd.com/sem.php?unionId=281&siteid=20170818001&to=https://item.jd.com/100108117448.html,https://2c.zol-img.com.cn/product/269_320x240/606/ceQNDrxyXGgs.jpg,"主芯片组：Intel B760
音频芯片：集成Realtek ALC897 7.1声道音效芯片
内存类型：4×DDR4 DIMM
最大内存容量：128GB
主板板型：Micro ATX板型
外形尺寸：24.384×24.384cm
电源插口：一个4针，一个8针，一个24针电源接口
供电模式：12+1相",微星京东自营旗舰店,100000.0,2025-04-27 17:44:07
100065913490,微星B450M-A PRO MAX II,489.0,449.0,https://union-click.jd.com/sem.php?unionId=281&siteid=20170818001&to=https://item.jd.com/100065913490.html,https://2c.zol-img.com.cn/product/254_320x240/32/ce16sN3YPhU.jpg,"主芯片组：AMD B450
音频芯片：集成Realtek ALC892 7.1声道音效芯片
内存类型：2×DDR4 DIMM
最大内存容量：32GB
主板板型：Micro ATX板型
外形尺寸：23.6×20cm
电源插口：一个4针，一个24针电源接口
供电模式：暂无数据",微星京东自营旗舰店,50000.0,2025-04-27 17:44:20
10067867024919,铭瑄 MS-挑战者 B760M,749.0,629.0,https://union-click.jd.com/sem.php?unionId=281&siteid=20170818001&to=https://item.jd.com/10067867024919.html,https://2e.zol-img.com.cn/product/226_320x240/460/ce735Ag5QcIqo.jpg,"主芯片组：Intel B760
音频芯片：集成Realtek ALC897 音效芯片
内存类型：2×DDR4 DIMM
最大内存容量：64GB
主板板型：Micro ATX板型
外形尺寸：23×20.5cm
电源插口：一个8针，一个24针电源接口
供电模式：8+1+1相",铭瑄官方旗舰店,2000.0,2025-04-27 17:44:32
10100481283804,华硕PRIME H610M-K D4,749.0,529.0,https://union-click.jd.com/sem.php?unionId=281&siteid=20170818001&to=https://item.jd.com/10100481283804.html,https://2b.zol-img.com.cn/product/221_320x240/621/ce7C2aCLFSsuk.jpg,"主芯片组：Intel H610
音频芯片：集成Realtek 7.1声道音效芯片
内存类型：2×DDR4 DIMM
最大内存容量：64GB
主板板型：Micro ATX板型
外形尺寸：23.4×20.3cm
电源插口：一个8针，一个24针电源接口
供电模式：暂无数据",e淘小店,59.0,2025-04-27 17:44:55
100042247255,华硕PRIME Z790-P WIFI,1999.0,2099.0,https://union-click.jd.com/sem.php?unionId=281&siteid=20170818001&to=https://item.jd.com/100042247255.html,https://2f.zol-img.com.cn/product/229_320x240/909/ceNhJ2V1mtuqI.png,"主芯片组：Intel Z790
音频芯片：集成Realtek 7.1声道音效芯片
内存类型：4×DDR5 DIMM
最大内存容量：128GB
主板板型：ATX板型
外形尺寸：30.5×23.4cm
电源插口：一个4针，一个8针，一个24针电源接口
供电模式：暂无数据",华硕京东自营旗舰店,200000.0,2025-04-27 17:45:17
72477869658,华硕PRIME H510M-K,599.0,599.0,https://union-click.jd.com/sem.php?unionId=281&siteid=20170818001&to=https://item.jd.com/72477869658.html,https://2a.zol-img.com.cn/product/220_320x240/376/ceuMRMXciFFKo.jpg,"主芯片组：Intel H510
音频芯片：集成Realtek ALC887 7.1声道音效芯片
内存类型：2×DDR4 DIMM
最大内存容量：64GB
主板板型：Micro ATX板型
外形尺寸：22.6×20.3cm
电源插口：一个8针，一个24针电源接口
供电模式：暂无数据",华硕（ASUS）电脑配件旗舰店,1000.0,2025-04-27 17:45:43
100135977393,华硕TUF GAMING B850M-PLUS WIFI,1399.0,1399.0,https://union-click.jd.com/sem.php?unionId=281&siteid=20170818001&to=https://item.jd.com/100135977393.html,https://2a.zol-img.com.cn/product/270_320x240/186/ceY9v2wYvUGWY.jpg,"主芯片组：AMD B850
音频芯片：集成Realtek ALC1220P 7.1声道音效芯....>>
内存类型：4×DDR5 DIMM
最大内存容量：192GB
主板板型：Micro ATX板型
外形尺寸：24.4×24.4cm
电源插口：两个8针，一个24针电源接口
供电模式：14+2+1相",华硕京东自营旗舰店,200000.0,2025-04-27 17:45:55
100088789696,微星PRO B650M-E,649.0,649.0,https://union-click.jd.com/sem.php?unionId=281&siteid=20170818001&to=https://item.jd.com/100088789696.html,https://2b.zol-img.com.cn/product/269_320x240/857/cevjn7tWkXrig.jpg,"主芯片组：AMD B650
音频芯片：集成Realtek ALC897 7.1声道音效芯片
内存类型：2×DDR5 DIMM
最大内存容量：128GB
主板板型：ATX板型
外形尺寸：21.1×24.384cm
电源插口：一个8针，一个24针电源接口
供电模式：暂无数据",微星京东自营旗舰店,50000.0,2025-04-27 17:46:07
10028506232987,华硕TUF GAMING B760M-PLUS II D5重炮手,719.0,1199.0,https://union-click.jd.com/sem.php?unionId=281&siteid=20170818001&to=https://item.jd.com/10028506232987.html,https://2a.zol-img.com.cn/product/268_320x240/836/ceZ757cvDpFQo.jpg,"主芯片组：Intel B760
音频芯片：集成Realtek 7.1声道音效芯片
内存类型：4×DDR5 DIMM
最大内存容量：192GB
主板板型：Micro ATX板型
外形尺寸：24.4×24.4cm
电源插口：两个8针，一个24针电源接口
供电模式：12+1+1相",华硕（ASUS）游戏显卡旗舰店,200.0,2025-04-27 17:46:18
10097442297788,华硕TUF GAMING B760M-PLUS WIFI II重炮手,1399.0,1299.0,https://union-click.jd.com/sem.php?unionId=281&siteid=20170818001&to=https://item.jd.com/10097442297788.html,https://2b.zol-img.com.cn/product/268_320x240/837/cexyOe1Ge0hto.jpg,"主芯片组：Intel B760
音频芯片：集成Realtek 7.1声道音效芯片
内存类型：4×DDR5 DIMM
最大内存容量：192GB
主板板型：Micro ATX板型
外形尺寸：24.4×24.4cm
电源插口：两个8针，一个24针电源接口
供电模式：12+1+1相",华硕（ASUS）游戏显卡旗舰店,200.0,2025-04-27 17:46:40
100168405464,技嘉B850M AORUS ELITE WIFI6E ICE,1399.0,1369.0,https://union-click.jd.com/sem.php?unionId=281&siteid=20170818001&to=https://item.jd.com/100168405464.html,https://2f.zol-img.com.cn/product/270_320x240/999/ceWi2KZ7Nho2.jpg,"主芯片组：AMD B850
音频芯片：集成Realtek 7.1声道音效芯片
内存类型：4×DDR5 DIMM
最大内存容量：256GB
主板板型：Micro ATX板型
外形尺寸：24.4×24.4cm
电源插口：一个8针，一个24针电源接口
供电模式：12+2+2相",技嘉京东自营官方旗舰店,50000.0,2025-04-27 17:46:51
10071713391546,华硕ROG STRIX Z790-A GAMING WIFI吹雪,2899.0,2899.0,https://union-click.jd.com/sem.php?unionId=281&siteid=20170818001&to=https://item.jd.com/10071713391546.html,https://2b.zol-img.com.cn/product/229_320x240/249/ceaby7tMIwsrw.jpg,"主芯片组：Intel Z790
音频芯片：集成Realtek ALC4080 音效芯片
内存类型：4×DDR5 DIMM
最大内存容量：128GB
主板板型：ATX板型
外形尺寸：30.5×24.4cm
电源插口：一个8针，一个24针电源接口
供电模式：16+1相",华硕（ASUS）电脑配件旗舰店,200.0,2025-04-27 17:47:03
100097327202,华硕ROG STRIX B760-G GAMING WIFI S,1549.0,1449.0,https://union-click.jd.com/sem.php?unionId=281&siteid=20170818001&to=https://item.jd.com/100097327202.html,https://2c.zol-img.com.cn/product/259_320x240/600/ceZi5ztwXbBA.jpg,"音频芯片：S1220A
主芯片组：暂无数据
内存类型：4×DDR5 DIMM
最大内存容量：192GB
主板板型：暂无数据
外形尺寸：暂无数据
电源插口：24+12
供电模式：8+4相",华硕京东自营旗舰店,50000.0,2025-04-27 17:47:15
10088894779457,华硕PRIME Z370-P,949.0,247.0,https://union-click.jd.com/sem.php?unionId=281&siteid=20170818001&to=https://item.jd.com/10088894779457.html,https://2f.zol-img.com.cn/product/221_320x240/527/cehyLKI5rIHYc.jpg,"主芯片组：Intel Z370
音频芯片：集成Realtek ALC887 8声道音效芯片
内存类型：4×DDR4 DIMM
最大内存容量：64GB
主板板型：ATX板型
外形尺寸：30.5×22.6cm
电源插口：一个8针，一个24针电源接口
供电模式：7相",华轩诚电子科技小店,200.0,2025-04-27 17:47:28
10026615834702,华硕B760M-AYW WIFI D5,799.0,1099.0,https://union-click.jd.com/sem.php?unionId=281&siteid=20170818001&to=https://item.jd.com/10026615834702.html,https://2e.zol-img.com.cn/product/268_320x240/840/ceUJ2rfPbYzjE.jpg,"主芯片组：Intel B760
音频芯片：集成Realtek 7.1声道音效芯片
内存类型：2×DDR5 DIMM
最大内存容量：96GB
主板板型：Micro ATX板型
外形尺寸：24.4×21.1cm
电源插口：一个8针，一个24针电源接口
供电模式：8相",华硕（ASUS）游戏显卡旗舰店,200.0,2025-04-27 17:47:49
10028506232984,华硕PRIME B760M-F D4,899.0,899.0,https://union-click.jd.com/sem.php?unionId=281&siteid=20170818001&to=https://item.jd.com/10028506232984.html,https://2e.zol-img.com.cn/product/268_320x240/852/cec7KTNXkX4M.jpg,"主芯片组：Intel B760
音频芯片：集成Realtek 7.1声道音效芯片
内存类型：2×DDR4 DIMM
最大内存容量：64GB
主板板型：Micro ATX板型
外形尺寸：24.4×21.1cm
电源插口：一个8针，一个24针电源接口
供电模式：暂无数据",华硕（ASUS）游戏显卡旗舰店,200.0,2025-04-27 17:48:01
10039930340408,华硕ROG MAXIMUS Z690 HERO,4699.0,5599.0,https://union-click.jd.com/sem.php?unionId=281&siteid=20170818001&to=https://item.jd.com/10039930340408.html,https://2c.zol-img.com.cn/product/221_320x240/666/cebbFUkRsUgzk.jpg,"主芯片组：Intel Z690
音频芯片：集成Realtek ALC4082 7.1声道音效芯....>>
内存类型：4×DDR5 DIMM
最大内存容量：128GB
主板板型：ATX板型
外形尺寸：30.5×24.4cm
供电模式：24+16相
电源插口：暂无数据",余新电脑配件专营店,100.0,2025-04-27 17:48:13
10109697013414,技嘉B760M H DDR4,676.0,569.0,https://union-click.jd.com/sem.php?unionId=281&siteid=20170818001&to=https://item.jd.com/10109697013414.html,https://2a.zol-img.com.cn/product/259_320x240/444/ceCXFFVef3jU.jpg,"主芯片组：Intel B760
音频芯片：集成Realtek 7.1声道音效芯片
内存类型：2×DDR4 DIMM
最大内存容量：64GB
主板板型：Micro ATX板型
外形尺寸：23×21.5cm
电源插口：暂无数据
供电模式：暂无数据",方圆电脑DIY经营部,100.0,2025-04-27 17:48:27
100074112468,微星PRO B760M-B DDR4,779.0,649.0,https://union-click.jd.com/sem.php?unionId=281&siteid=20170818001&to=https://item.jd.com/100074112468.html,https://2b.zol-img.com.cn/product/259_320x240/919/ceycl4fPZbM.jpg,"主芯片组：Intel B760
音频芯片：集成Realtek ALC897 7.1声道音效芯片
内存类型：2×DDR4 DIMM
最大内存容量：64GB
主板板型：Micro ATX板型
外形尺寸：20×23.6cm
电源插口：暂无数据
供电模式：暂无数据",微星京东自营旗舰店,10000.0,2025-04-27 17:48:48
100042811624,华硕B760M-AYW WIFI D4,999.0,849.0,https://union-click.jd.com/sem.php?unionId=281&siteid=20170818001&to=https://item.jd.com/100042811624.html,https://2b.zol-img.com.cn/product/229_320x240/595/ceCRqHwvxXfgE.png,"主芯片组：Intel B760
音频芯片：集成Realtek 7.1声道音效芯片
内存类型：2×DDR4 DIMM
最大内存容量：64GB
主板板型：Micro ATX板型
外形尺寸：24.4×21.1cm
电源插口：一个8针，一个24针电源接口
供电模式：暂无数据",华硕京东自营旗舰店,200000.0,2025-04-27 17:49:00
100016125117,华硕TUF GAMING B550M-PLUS WIFI II,849.0,828.0,https://union-click.jd.com/sem.php?unionId=281&siteid=20170818001&to=https://item.jd.com/100016125117.html,https://2a.zol-img.com.cn/product/221_320x240/460/ceWZadXCPdFNo.jpg,"主芯片组：AMD B550
音频芯片：集成Realtek ALC S1200A 7.1环绕声道....>>
内存类型：4×DDR4 DIMM
最大内存容量：128GB
主板板型：Micro ATX板型
外形尺寸：24.4×24.4cm
电源插口：一个8针，一个24针电源接口
供电模式：暂无数据",华硕京东自营旗舰店,200000.0,2025-04-27 17:49:13
10028506232983,华硕PRIME B760M-K D5,1049.0,1049.0,https://union-click.jd.com/sem.php?unionId=281&siteid=20170818001&to=https://item.jd.com/10028506232983.html,https://2c.zol-img.com.cn/product/268_320x240/808/ceKMmBaKFdXvo.jpg,"主芯片组：Intel B760
音频芯片：集成Realtek 7.1声道音效芯片
内存类型：2×DDR5 DIMM
最大内存容量：64GB
主板板型：Micro ATX板型
外形尺寸：24.4×21.1cm
电源插口：一个8针，一个24针电源接口
供电模式：暂无数据",华硕（ASUS）游戏显卡旗舰店,200.0,2025-04-27 17:49:49
10044152533246,微星B660M BOMBER DDR4,799.0,749.0,https://union-click.jd.com/sem.php?unionId=281&siteid=20170818001&to=https://item.jd.com/10044152533246.html,https://2c.zol-img.com.cn/product/220_320x240/658/ce0e9FW19x5C.jpg,"主芯片组：Intel B660
音频芯片：集成音效芯片
内存类型：2×DDR4 DIMM
最大内存容量：64GB
主板板型：Micro ATX板型
外形尺寸：24.4×24.4cm
电源插口：暂无数据
供电模式：暂无数据",微星恒懿专卖店,2000.0,2025-04-27 17:50:00
70717725876,微星MAG B550M MORTAR,799.0,619.0,https://union-click.jd.com/sem.php?unionId=281&siteid=20170818001&to=https://item.jd.com/70717725876.html,https://2d.zol-img.com.cn/product/220_320x240/537/cewdfBpRXk3Fg.jpg,"主芯片组：AMD B550
音频芯片：集成Realtek ALC1200 7.1声道音效芯....>>
内存类型：4×DDR4 DIMM
最大内存容量：128GB
主板板型：Micro ATX板型
外形尺寸：24.4×24.4cm
电源插口：一个8针，一个24针电源接口
供电模式：暂无数据",英强科技专营店,1000.0,2025-04-27 17:50:39
100168281554,华硕ROG STRIX B850-A GAMING WIFI S,1949.0,1949.0,https://union-click.jd.com/sem.php?unionId=281&siteid=20170818001&to=https://item.jd.com/100168281554.html,https://2b.zol-img.com.cn/product/270_320x240/187/ceyHy4SoJN4lQ.jpg,"主芯片组：AMD B850
音频芯片：集成Realtek ALC1220P 7.1声道音效芯....>>
内存类型：4×DDR5 DIMM
最大内存容量：192GB
主板板型：ATX板型
外形尺寸：30.5×24.4cm
电源插口：两个8针，一个24针电源接口
供电模式：14+2+2相",华硕京东自营旗舰店,20000.0,2025-04-27 17:50:51
10067728691153,技嘉B760M GAMING X,1049.0,1049.0,https://union-click.jd.com/sem.php?unionId=281&siteid=20170818001&to=https://item.jd.com/10067728691153.html,https://2d.zol-img.com.cn/product/259_320x240/387/ceAFRndBgs08o.png,"主芯片组：Intel B760
音频芯片：集成Realtek 7.1声道音效芯片
内存类型：4×DDR5 DIMM
最大内存容量：192GB
主板板型：Micro ATX板型
外形尺寸：24.4×24.4cm
电源插口：一个8针，一个24针电源接口
供电模式：暂无数据",技嘉旗舰店,2000.0,2025-04-27 17:51:03
100015460304,华硕PRIME B450M-K II,599.0,549.0,https://union-click.jd.com/sem.php?unionId=281&siteid=20170818001&to=https://item.jd.com/100015460304.html,https://2a.zol-img.com.cn/product/221_320x240/44/ceVm03PkW6nU.jpg,"主芯片组：AMD B450
音频芯片：集成Realtek ALC887 8声道音效芯片
内存类型：2×DDR4 DIMM
最大内存容量：32GB
主板板型：Micro ATX板型
外形尺寸：22.6×22.1cm
电源插口：一个8针，一个24针电源接口
供电模式：暂无数据",华硕京东自营旗舰店,10000.0,2025-04-27 17:51:15
10095874462655,技嘉Z790M AORUS ELITE AX ICE,1799.0,1549.0,https://union-click.jd.com/sem.php?unionId=281&siteid=20170818001&to=https://item.jd.com/10095874462655.html,https://2c.zol-img.com.cn/product/259_320x240/740/ceiBENdO6Ii.jpg,"主芯片组：Intel Z790
音频芯片：集成Realtek ALC1220音效芯片
内存类型：4×DDR5 DIMM
最大内存容量：192GB
主板板型：Micro ATX板型
外形尺寸：24.4×24.4cm
电源插口：暂无数据
供电模式：暂无数据",技嘉电脑硬件旗舰店,100.0,2025-04-27 17:51:27
100032609732,微星H610M BOMBER DDR4,749.0,529.0,https://union-click.jd.com/sem.php?unionId=281&siteid=20170818001&to=https://item.jd.com/100032609732.html,https://2f.zol-img.com.cn/product/221_320x240/905/ceNfPoZIetHrk.jpg,"主芯片组：Intel H610
音频芯片：集成音效芯片
内存类型：2×DDR4 DIMM
最大内存容量：64GB
主板板型：Micro ATX板型
外形尺寸：24.4×24.4cm
电源插口：暂无数据
供电模式：暂无数据",微星京东自营旗舰店,20000.0,2025-04-27 17:51:50
1745747522,微星MAG B560M MORTAR,869.0,,,https://2b.zol-img.com.cn/product/221_320x240/101/ceIDighx1EvDk.jpg,"主芯片组：Intel B560
音频芯片：集成Realtek ALC897 7.1声道音效芯片
内存类型：4×DDR4 DIMM
最大内存容量：128GB
主板板型：Micro ATX板型
外形尺寸：24.4×24.4cm
电源插口：一个4针，一个8针，一个24针电源接口
供电模式：暂无数据",,,2025-04-27 17:52:02
10093400261989,华硕P8B75-V,779.0,118.0,https://union-click.jd.com/sem.php?unionId=281&siteid=20170818001&to=https://item.jd.com/10093400261989.html,https://2c.zol-img.com.cn/product/225_320x240/464/ceYejHBLHpgE6.jpg,"主芯片组：Intel B75
音频芯片：集成Realtek ALC887 8声道音效芯片
内存类型：4×DDR3 DIMM
最大内存容量：32GB
主板板型：ATX板型
外形尺寸：30.5×21.9cm
电源插口：一个8针，一个24针电源接口
供电模式：4+1+1相",浩宇数码科技小店,68.0,2025-04-27 17:52:05
1745747547,技嘉B760 AORUS ELITE AX,1799.0,,,https://2c.zol-img.com.cn/product/226_320x240/640/ceXLsjdVQDaiM.png,"主芯片组：Intel B760
音频芯片：集成Realtek 7.1声道音效芯片
内存类型：4×DDR5 DIMM
最大内存容量：128GB
主板板型：ATX板型
外形尺寸：30.5×24.4cm
电源插口：一个4针，一个8针，一个24针电源接口
供电模式：暂无数据",,,2025-04-27 17:52:27
69297391269,铭瑄 MS-终结者 B760M D4,899.0,719.0,https://union-click.jd.com/sem.php?unionId=281&siteid=20170818001&to=https://item.jd.com/69297391269.html,https://2d.zol-img.com.cn/product/226_320x240/435/ceAgyqXGZe3rQ.jpg,"主芯片组：Intel B760
音频芯片：集成Realtek ALC897 音效芯片
内存类型：4×DDR4 DIMM
最大内存容量：128GB
主板板型：Micro ATX板型
外形尺寸：24.5×24.5cm
电源插口：一个4针，一个8针，一个24针电源接口
供电模式：8+1+1相",亿捷电脑配件专营店,1000.0,2025-04-27 17:52:29
100121261249,微星MEG Z890 ACE,5999.0,5499.0,https://union-click.jd.com/sem.php?unionId=281&siteid=20170818001&to=https://item.jd.com/100121261249.html,https://2e.zol-img.com.cn/product/269_320x240/658/cee9AS7CcrLM.jpg,"主芯片组：Intel Z890
音频芯片：集成Realtek ALC4082+ESS9219Q 7.1声....>>
内存类型：4×DDR5 DIMM
最大内存容量：256GB
主板板型：ATX板型
外形尺寸：24.384×30.48cm
电源插口：一个4针，三个8针，一个24针电源接口
供电模式：24+1+2+1相",微星京东自营旗舰店,100000.0,2025-04-27 17:52:42
10043235039203,技嘉B660M GAMING DDR4,899.0,599.0,https://union-click.jd.com/sem.php?unionId=281&siteid=20170818001&to=https://item.jd.com/10043235039203.html,https://2c.zol-img.com.cn/product/220_320x240/992/ceHJagGXLMSw.jpg,"主芯片组：Intel B660
音频芯片：集成Realtek 7.1声道音效芯片
内存类型：2×DDR4 DIMM
最大内存容量：64GB
主板板型：Micro ATX板型
外形尺寸：24.4×22.5cm
电源插口：一个8针，一个24针电源接口
供电模式：暂无数据",技嘉旗舰店,1000.0,2025-04-27 17:52:54
100145512992,七彩虹iGame Z890 ULTRA V20,2299.0,2599.0,https://union-click.jd.com/sem.php?unionId=281&siteid=20170818001&to=https://item.jd.com/100145512992.html,https://2b.zol-img.com.cn/product/269_320x240/961/ceBwaPzx0nYUE.jpg,"主芯片组：Intel Z890
音频芯片：集成Realtek ALC1220 7.1声道音效芯....>>
内存类型：4×DDR5 DIMM
最大内存容量：192GB
主板板型：ATX板型
外形尺寸：30.5×24.4cm
电源插口：两个8针，一个24针电源接口
供电模式：20+1+1+1相",七彩虹京东自营旗舰店,10000.0,2025-04-27 17:53:07
100135977399,华硕TUF GAMING B850M-PLUS,1299.0,1299.0,https://union-click.jd.com/sem.php?unionId=281&siteid=20170818001&to=https://item.jd.com/100135977399.html,https://2e.zol-img.com.cn/product/270_320x240/184/ce9THV49SOSo.jpg,"主芯片组：AMD B850
音频芯片：集成Realtek ALC1220P 7.1声道音效芯....>>
内存类型：4×DDR5 DIMM
最大内存容量：192GB
主板板型：Micro ATX板型
外形尺寸：24.4×24.4cm
电源插口：两个8针，一个24针电源接口
供电模式：14+2+1相",华硕京东自营旗舰店,200000.0,2025-04-27 17:53:35
100042811600,华硕TX GAMING B760M WIFI D4,1299.0,1149.0,https://union-click.jd.com/sem.php?unionId=281&siteid=20170818001&to=https://item.jd.com/100042811600.html,https://2b.zol-img.com.cn/product/229_320x240/973/cedWmye856hp2.jpg,"主芯片组：Intel B760
音频芯片：集成Realtek 7.1声道音效芯片
内存类型：4×DDR4 DIMM
最大内存容量：128GB
主板板型：Micro ATX板型
外形尺寸：24.4×24.4cm
电源插口：一个4针，一个8针，一个24针电源接口
供电模式：暂无数据",华硕京东自营旗舰店,200000.0,2025-04-27 17:53:46
10094829121584,华硕ROG STRIX Z490-A GAMING,2199.0,748.0,https://union-click.jd.com/sem.php?unionId=281&siteid=20170818001&to=https://item.jd.com/10094829121584.html,https://2e.zol-img.com.cn/product/222_320x240/964/ceSnQAjK6trU.jpg,"主芯片组：Intel Z490
音频芯片：集成ROG SupremeFX 8 声道音效芯片
内存类型：4×DDR4 DIMM
最大内存容量：128GB
主板板型：ATX板型
外形尺寸：30.5×24.4cm
电源插口：一个4针，一个8针，一个24针电源接口
供电模式：暂无数据",浩宇数码科技小店,22.0,2025-04-27 17:54:00
10089214845708,技嘉B650M AORUS ELITE AX ICE冰雕,1299.0,1199.0,https://union-click.jd.com/sem.php?unionId=281&siteid=20170818001&to=https://item.jd.com/10089214845708.html,https://2e.zol-img.com.cn/product/268_320x240/948/ceuiiZJ54sMk.jpg,"主芯片组：AMD B650
音频芯片：集成Realtek? 音频芯片 支持High Def....>>
内存类型：暂无数据
最大内存容量：暂无数据
主板板型：Micro ATX板型
外形尺寸：24.4*24.4cm
电源插口：暂无数据
供电模式：暂无数据",技嘉旗舰店,100.0,2025-04-27 17:54:25
100063698196,华硕PRIME H610M-K ARGB,699.0,699.0,https://union-click.jd.com/sem.php?unionId=281&siteid=20170818001&to=https://item.jd.com/100063698196.html,https://2c.zol-img.com.cn/product/254_320x240/176/ceksdHJRW3W2.jpg,"主芯片组：Intel H610
音频芯片：集成Realtek 7.1声道音效芯片
内存类型：2×DDR5 DIMM
最大内存容量：64GB
主板板型：Micro ATX板型
外形尺寸：23.4×20.3cm
电源插口：一个8针，一个24针电源接口
供电模式：暂无数据",华硕京东自营旗舰店,50000.0,2025-04-27 17:54:38
100007523983,华硕TUF GAMING B550M-PLUS,799.0,799.0,https://union-click.jd.com/sem.php?unionId=281&siteid=20170818001&to=https://item.jd.com/100007523983.html,https://2c.zol-img.com.cn/product/221_320x240/474/ceSdwFGQ6BsoQ.jpg,"主芯片组：AMD B550
音频芯片：集成Realtek ALC S1200A 7.1声道音效....>>
内存类型：4×DDR4 DIMM
最大内存容量：128GB
主板板型：Micro ATX板型
外形尺寸：24.4×24.4cm
电源插口：一个8针，一个24针电源接口
供电模式：暂无数据",华硕京东自营旗舰店,200000.0,2025-04-27 17:54:50
100144172356,华硕ROG STRIX X870-A GAMING WIFI吹雪,2899.0,2899.0,https://union-click.jd.com/sem.php?unionId=281&siteid=20170818001&to=https://item.jd.com/100144172356.html,https://2e.zol-img.com.cn/product/269_320x240/874/ce9aQ5a4QQQHk.png,"主芯片组：AMD X870
音频芯片：集成Realtek ALC4080 7.1声道音效芯....>>
内存类型：4×DDR5 DIMM
最大内存容量：192GB
主板板型：ATX板型
外形尺寸：30.5×24.4cm
电源插口：两个8针，一个24针电源接口
供电模式：16+2+2相",华硕京东自营旗舰店,20000.0,2025-04-27 17:55:03
100050619173,技嘉B760M AORUS ELITE DDR4,1279.0,1049.0,https://union-click.jd.com/sem.php?unionId=281&siteid=20170818001&to=https://item.jd.com/100050619173.html,https://2c.zol-img.com.cn/product/226_320x240/40/ceqDg1RKXP4A.png,"主芯片组：Intel B760
音频芯片：集成Realtek 7.1声道音效芯片
内存类型：4×DDR4 DIMM
最大内存容量：128GB
主板板型：Micro ATX板型
外形尺寸：24.4×24.4cm
电源插口：一个4针，一个8针，一个24针电源接口
供电模式：暂无数据",技嘉京东自营官方旗舰店,100000.0,2025-04-27 17:55:20
100081587519,华硕PRIME B650M-R,999.0,899.0,https://union-click.jd.com/sem.php?unionId=281&siteid=20170818001&to=https://item.jd.com/100081587519.html,https://2a.zol-img.com.cn/product/269_320x240/588/cexkfo2LJHE3Y.jpg,"主芯片组：AMD B650
音频芯片：集成Realtek 7.1声道音效芯片
内存类型：2×DDR5 DIMM
最大内存容量：96GB
主板板型：Micro ATX板型
外形尺寸：23.6×22.1cm
电源插口：一个8针，一个24针电源接口
供电模式：暂无数据",华硕京东自营旗舰店,200000.0,2025-04-27 17:55:45
10109865550487,华硕TUF GAMING B650M-E WIFI,1299.0,999.0,https://union-click.jd.com/sem.php?unionId=281&siteid=20170818001&to=https://item.jd.com/10109865550487.html,https://2e.zol-img.com.cn/product/254_320x240/148/cePjJ3Zd09ldA.jpg,"主芯片组：AMD B650
音频芯片：集成Realtek 7.1声道音效芯片
内存类型：4×DDR5 DIMM
最大内存容量：192GB
主板板型：Micro ATX板型
外形尺寸：24.4×24.4cm
电源插口：一个4针，一个8针，一个24针电源接口
供电模式：暂无数据",华硕（ASUS）电脑配件旗舰店,59.0,2025-04-27 17:55:58
100048569956,华硕TX GAMING B760M WIFI,1249.0,1249.0,https://union-click.jd.com/sem.php?unionId=281&siteid=20170818001&to=https://item.jd.com/100048569956.html,https://2b.zol-img.com.cn/product/240_320x240/355/ce5dylLhiNsxk.jpg,"主芯片组：Intel B760
音频芯片：集成Realtek 7.1声道音效芯片
内存类型：4×DDR5 DIMM
最大内存容量：128GB
主板板型：Micro ATX板型
外形尺寸：24.4×24.4cm
电源插口：一个4针，一个8针，一个24针电源接口
供电模式：暂无数据",华硕京东自营旗舰店,200000.0,2025-04-27 17:56:09
100040431267,华硕ROG STRIX Z790-A GAMING WIFI D4,2999.0,2499.0,https://union-click.jd.com/sem.php?unionId=281&siteid=20170818001&to=https://item.jd.com/100040431267.html,https://2b.zol-img.com.cn/product/222_320x240/575/cexcyTXR47I.jpg,"主芯片组：Intel Z790
音频芯片：集成Realtek ALC4080 音效芯片
内存类型：4×DDR4 DIMM
最大内存容量：128GB
主板板型：ATX板型
外形尺寸：暂无数据
电源插口：暂无数据
供电模式：暂无数据",华硕京东自营旗舰店,50000.0,2025-04-27 17:56:32
10101223140754,华硕PRIME B550M-K,899.0,589.0,https://union-click.jd.com/sem.php?unionId=281&siteid=20170818001&to=https://item.jd.com/10101223140754.html,https://2f.zol-img.com.cn/product/221_320x240/465/ceuc9VEQLT4ec.jpg,"主芯片组：AMD B550
音频芯片：集成Realtek ALC887 7.1声道音效芯片
内存类型：4×DDR4 DIMM
最大内存容量：128GB
主板板型：Micro ATX板型
外形尺寸：24.4×24.4cm
电源插口：一个8针，一个24针电源接口
供电模式：暂无数据",e淘小店,39.0,2025-04-27 17:56:46
43838331638,华硕PRIME H310M-F R2.0,385.0,418.0,https://union-click.jd.com/sem.php?unionId=281&siteid=20170818001&to=https://item.jd.com/43838331638.html,https://2e.zol-img.com.cn/product/225_320x240/616/ce28q7Q3gjaUA.jpg,"主芯片组：Intel H310
音频芯片：集成Realtek ALC887 8声道音效芯片
内存类型：2×DDR4 DIMM
最大内存容量：32GB
主板板型：uATX板型（属于Micro ATX板型）
外形尺寸：21.34×17.78cm
电源插口：一个4针，一个24针电源接口
供电模式：暂无数据",华之硕电脑专营店,200.0,2025-04-27 17:57:19
100040192622,技嘉B760M GAMING DDR4,999.0,679.0,https://union-click.jd.com/sem.php?unionId=281&siteid=20170818001&to=https://item.jd.com/100040192622.html,https://2d.zol-img.com.cn/product/249_320x240/979/ce4WcAyRbhw.png,"主芯片组：Intel B760
音频芯片：集成Realtek 7.1声道音效芯片
内存类型：4×DDR4 DIMM
最大内存容量：128GB
主板板型：Micro ATX板型
外形尺寸：24.4×22.5cm
电源插口：一个8针，一个24针电源接口
供电模式：暂无数据",技嘉京东自营官方旗舰店,100000.0,2025-04-27 17:57:31
100067531727,微星MAG B760M MORTAR II,1299.0,1119.0,https://union-click.jd.com/sem.php?unionId=281&siteid=20170818001&to=https://item.jd.com/100067531727.html,https://2b.zol-img.com.cn/product/259_320x240/799/ceFUAh2Jyk6tQ.jpg,"主芯片组：Intel B760
音频芯片：集成Realtek ALC897 7.1声道音效芯片
内存类型：4×DDR5 DIMM
最大内存容量：256GB
主板板型：Micro ATX板型
外形尺寸：24.384×24.384cm
电源插口：暂无数据
供电模式：暂无数据",微星京东自营旗舰店,100000.0,2025-04-27 17:57:55
14318956177,铭瑄 MS-挑战者 H610M,599.0,389.0,https://union-click.jd.com/sem.php?unionId=281&siteid=20170818001&to=https://item.jd.com/14318956177.html,https://2e.zol-img.com.cn/product/221_320x240/180/ceEdMlB6i9np2.jpg,"主芯片组：Intel H610
音频芯片：集成Realtek ALC662/CX20632 5.1声道....>>
内存类型：2×DDR4 DIMM
最大内存容量：64GB
主板板型：Micro ATX板型
外形尺寸：22.5×20.5cm
电源插口：一个8针，一个24针电源接口
供电模式：暂无数据",亿捷电脑配件专营店,200.0,2025-04-27 17:58:07
10077381926385,华硕PRIME B365M-K,699.0,309.0,https://union-click.jd.com/sem.php?unionId=281&siteid=20170818001&to=https://item.jd.com/10077381926385.html,https://2c.zol-img.com.cn/product/196_320x240/562/cer0t5quRx1Co.jpg,"主芯片组：Intel B365
音频芯片：集成Realtek 8声道音效芯片
内存类型：2×DDR4 DIMM
最大内存容量：暂无数据
主板板型：Micro ATX板型
外形尺寸：22.6×18.5cm
电源插口：一个8针，一个24针电源接口
供电模式：六相",宏昇二手主板经营部,25.0,2025-04-27 17:58:19
100032643534,技嘉B450M DS3H,499.0,499.0,https://union-click.jd.com/sem.php?unionId=281&siteid=20170818001&to=https://item.jd.com/100032643534.html,https://2b.zol-img.com.cn/product/224_320x240/979/ceaVTz3uMUHk.jpg,"主芯片组：AMD B450
音频芯片：集成音效芯片
内存类型：4×DDR4 DIMM
最大内存容量：64GB
主板板型：Micro ATX板型
外形尺寸：24.4×21.5cm
电源插口：一个8针，一个24针电源接口
供电模式：7相",技嘉京东自营官方旗舰店,10000.0,2025-04-27 17:58:40
100031223640,华硕TUF GAMING B660M-PLUS WIFI D4,1199.0,1049.0,https://union-click.jd.com/sem.php?unionId=281&siteid=20170818001&to=https://item.jd.com/100031223640.html,https://2e.zol-img.com.cn/product/224_320x240/256/ceuaWPAnQFrKQ.jpg,"主芯片组：Intel B660
音频芯片：集成Realtek 7.1声道音效芯片
内存类型：4×DDR4 DIMM
最大内存容量：128GB
主板板型：Micro ATX板型
外形尺寸：24.4×24.4cm
电源插口：一个4针，一个8针，一个24针电源接口
供电模式：10+1相",华硕京东自营旗舰店,200000.0,2025-04-27 17:59:14
10093286665045,华硕PRIME B550M-K ARGB,849.0,849.0,https://union-click.jd.com/sem.php?unionId=281&siteid=20170818001&to=https://item.jd.com/10093286665045.html,https://2f.zol-img.com.cn/product/269_320x240/575/ceOFaXWvaFe7k.jpg,"主芯片组：AMD B550
音频芯片：集成Realtek 7.1环绕声道高保真音频....>>
内存类型：2×DDR4 DIMM
最大内存容量：64GB
主板板型：Micro ATX板型
外形尺寸：24.4×22.1cm
电源插口：一个8针，一个24针电源接口
供电模式：暂无数据",京东电竞官方旗舰店,27.0,2025-04-27 17:59:27
10096462353872,技嘉B760M GAMING WIFI PLUS,1059.0,909.0,https://union-click.jd.com/sem.php?unionId=281&siteid=20170818001&to=https://item.jd.com/10096462353872.html,https://2a.zol-img.com.cn/product/259_320x240/432/cequXysZ9oolQ.jpg,"主芯片组：Intel B760
音频芯片：集成Realtek 7.1声道音效芯片
内存类型：2×DDR5 DIMM
最大内存容量：96GB
主板板型：Micro ATX板型
外形尺寸：24.4×22.5cm
电源插口：暂无数据
供电模式：暂无数据",技嘉电脑硬件旗舰店,200.0,2025-04-27 17:59:38
10112264158011,技嘉B650M K,1299.0,799.0,https://union-click.jd.com/sem.php?unionId=281&siteid=20170818001&to=https://item.jd.com/10112264158011.html,https://2c.zol-img.com.cn/product/249_320x240/792/cewuEWolxj6E.jpg,"主芯片组：AMD B650
音频芯片：集成Realtek芯片
内存类型：4×DDR5 DIMM
最大内存容量：192GB
主板板型：Micro ATX板型
外形尺寸：24.0×24.0cm
电源插口：两个8针，一个24针电源接口
供电模式：暂无数据",优品电脑硬件小店,100.0,2025-04-27 17:59:51
10104455145876,华硕PRIME B760M-F D5,949.0,949.0,https://union-click.jd.com/sem.php?unionId=281&siteid=20170818001&to=https://item.jd.com/10104455145876.html,https://2b.zol-img.com.cn/product/268_320x240/819/ceqeE0Zlaba.jpg,"主芯片组：Intel B760
音频芯片：集成Realtek 7.1声道音效芯片
内存类型：2×DDR5 DIMM
最大内存容量：96GB
主板板型：Micro ATX板型
外形尺寸：24.4×21.1cm
电源插口：一个8针，一个24针电源接口
供电模式：暂无数据",华硕（ASUS）游戏显卡旗舰店,200.0,2025-04-27 18:00:05
100012989121,华硕TUF GAMING B550M-PLUS 重炮手 CFHD定制版,839.0,899.0,https://union-click.jd.com/sem.php?unionId=281&siteid=20170818001&to=https://item.jd.com/100012989121.html,https://2f.zol-img.com.cn/product/225_320x240/679/ceeKlEDJKAQdU.png,"主芯片组：AMD B550
音频芯片：集成Realtek ALC S1200A 7.1声道音效....>>
内存类型：4×DDR4 DIMM
最大内存容量：128GB
主板板型：Micro ATX板型
外形尺寸：24.4×24.4cm
电源插口：一个8针，一个24针电源接口
供电模式：暂无数据",华硕京东自营旗舰店,98.0,2025-04-27 18:00:38
100084638590,七彩虹CVN B650M GAMING FROZEN V14,999.0,899.0,https://union-click.jd.com/sem.php?unionId=281&siteid=20170818001&to=https://item.jd.com/100084638590.html,https://2f.zol-img.com.cn/product/262_320x240/899/ce7Gp2cx7JeI6.jpg,"主芯片组：AMD B650
音频芯片：集成Realtek 7.1声道音效芯片
内存类型：4×DDR5 DIMM
最大内存容量：192GB
主板板型：Micro ATX板型
外形尺寸：24.5×24.5cm
供电模式：12+2+1相
电源插口：暂无数据",七彩虹京东自营旗舰店,10000.0,2025-04-27 18:00:49
1745748072,技嘉B365M AORUS ELITE,529.0,,,https://2e.zol-img.com.cn/product/225_320x240/648/cevvegRVL6.jpg,"主芯片组：Intel B365
音频芯片：集成Realtek ALC892 7.1声道音效芯片
内存类型：4×DDR4 DIMM
最大内存容量：64GB
主板板型：Micro ATX板型
外形尺寸：24.4×24.4cm
电源插口：一个8针，一个24针电源接口
供电模式：暂无数据",,,2025-04-27 18:01:12
41793143831,华硕H81M-K,420.0,429.0,https://union-click.jd.com/sem.php?unionId=281&siteid=20170818001&to=https://item.jd.com/41793143831.html,https://2d.zol-img.com.cn/product/225_320x240/675/ce2NqLTUumUY.jpg,"主芯片组：Intel H81
音频芯片：集成Realtek ALC887 8声道音效芯片
内存类型：2×DDR3 DIMM
最大内存容量：16GB
主板板型：Micro ATX板型
外形尺寸：22.6×17.5cm
电源插口：一个4针，一个24针电源接口
供电模式：3相",方园迪科卖场店,51.0,2025-04-27 18:01:16
1745748099,华硕ROG CROSSHAIR VIII EXTREME,7599.0,,,https://2b.zol-img.com.cn/product/221_320x240/583/cemo0aTDTrjkY.jpg,"主芯片组：AMD X570
音频芯片：集成Realtek ALC4082 7.1声道音效芯....>>
内存类型：4×DDR4 DIMM
最大内存容量：128GB
主板板型：E-ATX板型
外形尺寸：30.5×27.7cm
电源插口：一个6针，两个8针，一个24针电源接口
供电模式：18+2相",,,2025-04-27 18:01:39
100041216156,华硕ROG STRIX B760-I GAMING WIFI,1899.0,1749.0,https://union-click.jd.com/sem.php?unionId=281&siteid=20170818001&to=https://item.jd.com/100041216156.html,https://2f.zol-img.com.cn/product/226_320x240/119/cefzVUAeTvu6.jpg,"主芯片组：Intel B760
音频芯片：集成Realtek 7.1声道音效芯片
内存类型：2×DDR5 DIMM
最大内存容量：64GB
主板板型：Mini-ITX板型
外形尺寸：17.0×17.0cm
电源插口：一个4针，一个8针，一个24针电源接口
供电模式：暂无数据",华硕京东自营旗舰店,50000.0,2025-04-27 18:01:41
1745748114,微星B560M BOMBER,669.0,,,https://2c.zol-img.com.cn/product/220_320x240/236/ceDEjd7NSPD5.jpg,"主芯片组：Intel B560
音频芯片：集成Realtek ALC897 7.1声道音效芯片
内存类型：2×DDR4 DIMM
最大内存容量：64GB
主板板型：Micro ATX板型
外形尺寸：23.6×20.2cm
电源插口：一个8针，一个24针电源接口
供电模式：暂无数据",,,2025-04-27 18:01:54
10088165068574,华硕TUF GAMING B460M-PLUS,829.0,589.0,https://union-click.jd.com/sem.php?unionId=281&siteid=20170818001&to=https://item.jd.com/10088165068574.html,https://2b.zol-img.com.cn/product/222_320x240/131/ceAigRi0ozGX6.jpg,"主芯片组：Intel B460
音频芯片：集成Realtek ALC S1200A 7.1声道音效....>>
内存类型：4×DDR4 DIMM
最大内存容量：128GB
主板板型：Micro ATX板型
外形尺寸：24.4×24.4cm
电源插口：一个8针，一个24针电源接口
供电模式：暂无数据",木杉数码小店,31.0,2025-04-27 18:01:57
30761459918,华硕PRIME H310M-K,479.0,428.0,https://union-click.jd.com/sem.php?unionId=281&siteid=20170818001&to=https://item.jd.com/30761459918.html,https://2c.zol-img.com.cn/product/190_320x240/124/cee4sdEoR1ho.jpg,"主芯片组：Intel H310
音频芯片：集成Realtek ALC887 8声道音效芯片
内存类型：2×DDR4 DIMM
最大内存容量：32GB
主板板型：Micro ATX板型
外形尺寸：22.6×18.5cm
电源插口：一个4针，一个24针电源接口
供电模式：暂无数据",华之硕电脑专营店,200.0,2025-04-27 18:02:21
100097029337,昂达H610E-B,369.0,339.0,https://union-click.jd.com/sem.php?unionId=281&siteid=20170818001&to=https://item.jd.com/100097029337.html,https://2d.zol-img.com.cn/product/268_320x240/533/cegUi1ZWNRcKI.jpg,"主芯片组：Intel H610
音频芯片：暂无数据
内存类型：2×DDR4 DIMM
最大内存容量：64GB
主板板型：Micro ATX板型
外形尺寸：22.0×18.0cm
电源插口：一个8针，一个24针电源接口
供电模式：6相",昂达（ONDA）京东自营旗舰店,10000.0,2025-04-27 18:02:33
10042212828740,华硕ROG STRIX B450-I GAMING,1099.0,1299.0,https://union-click.jd.com/sem.php?unionId=281&siteid=20170818001&to=https://item.jd.com/10042212828740.html,https://2a.zol-img.com.cn/product/221_320x240/20/cehvvWnMMFeGk.jpg,"主芯片组：AMD B450
音频芯片：集成ROG SupremeFX S1220A 8 声道音....>>
内存类型：2×DDR4 DIMM
最大内存容量：32GB
主板板型：Mini-ITX板型
外形尺寸：17.0×17.0cm
电源插口：一个8针，一个24针电源接口
供电模式：暂无数据",方园迪科卖场店,200.0,2025-04-27 18:02:44
10088165068578,华硕ROG STRIX B460-F GAMING,1198.0,650.0,https://union-click.jd.com/sem.php?unionId=281&siteid=20170818001&to=https://item.jd.com/10088165068578.html,https://2b.zol-img.com.cn/product/222_320x240/137/cewxK55dGFKH6.jpg,"主芯片组：Intel B460
音频芯片：集成ROG SupremeFX 7.1声道音效芯片
内存类型：4×DDR4 DIMM
最大内存容量：128GB
主板板型：ATX板型
外形尺寸：30.5×24.4cm
电源插口：一个8针，一个24针电源接口
供电模式：暂无数据",木杉数码小店,31.0,2025-04-27 18:02:56
100168405448,技嘉B850 AORUS ELITE WIFI7 ICE,1699.0,1699.0,https://union-click.jd.com/sem.php?unionId=281&siteid=20170818001&to=https://item.jd.com/100168405448.html,https://2e.zol-img.com.cn/product/270_320x240/58/ce9gXyOywN8UE.jpg,"主芯片组：AMD B850
音频芯片：集成Realtek 7.1声道音效芯片
内存类型：4×DDR5 DIMM
最大内存容量：256GB
主板板型：ATX板型
外形尺寸：30.5×24.4cm
电源插口：一个4针，一个8针，一个24针电源接口
供电模式：14+2+2相",技嘉京东自营官方旗舰店,50000.0,2025-04-27 18:03:19
100088789722,微星B760M BOMBER WIFI DDR4,849.0,739.0,https://union-click.jd.com/sem.php?unionId=281&siteid=20170818001&to=https://item.jd.com/100088789722.html,https://2a.zol-img.com.cn/product/259_320x240/792/ce3KN88HHMnU.jpg,"主芯片组：Intel B760
音频芯片：集成Realtek ALC897 7.1声道音效芯片
内存类型：2×DDR4 DIMM
最大内存容量：64GB
主板板型：Micro ATX板型
外形尺寸：22×24.3cm
电源插口：暂无数据
供电模式：暂无数据",微星京东自营旗舰店,100000.0,2025-04-27 18:03:55
10043265186654,微星MAG B660M MORTAR WIFI,1299.0,899.0,https://union-click.jd.com/sem.php?unionId=281&siteid=20170818001&to=https://item.jd.com/10043265186654.html,https://2b.zol-img.com.cn/product/220_320x240/713/cedCVGL3fBuMQ.jpg,"主芯片组：Intel B660
音频芯片：集成Realtek ALC1200 7.1声道音效芯....>>
内存类型：4×DDR4 DIMM
最大内存容量：128GB
主板板型：Micro ATX板型
外形尺寸：24.4×24.4cm
电源插口：两个8针，一个24针电源接口
供电模式：暂无数据",卡姆利电脑DIY官方旗舰店,2000.0,2025-04-27 18:04:11
100075037564,铭瑄 MS-挑战者B650M WiFi,729.0,649.0,https://union-click.jd.com/sem.php?unionId=281&siteid=20170818001&to=https://item.jd.com/100075037564.html,https://2b.zol-img.com.cn/product/256_320x240/671/cea5MwbzrYPCQ.jpg,"主芯片组：Intel B650
音频芯片：集成Realtek ALC887 5.1声道音效芯片
内存类型：2×DDR5 DIMM
最大内存容量：64GB
主板板型：Micro ATX板型
外形尺寸：24.5×22cm
电源插口：一个4针，一个24针电源接口
供电模式：6+2+1相",铭瑄京东自营旗舰店,20000.0,2025-04-27 18:04:37
10133929871815,华硕ROG STRIX B850-E GAMING WIFI,2799.0,2799.0,https://union-click.jd.com/sem.php?unionId=281&siteid=20170818001&to=https://item.jd.com/10133929871815.html,https://2b.zol-img.com.cn/product/270_320x240/881/ceYvC6KcQrd2.jpg,"主芯片组：AMD B850
音频芯片：暂无数据
内存类型：4×DDR5 DIMM
最大内存容量：192GB
主板板型：ATX板型
外形尺寸：30.5×24.4cm
电源插口：两个8针，一个24针电源接口
供电模式：16+2+2相",华硕官方旗舰店,0.0,2025-04-27 18:04:50
1745748312,技嘉H310M S2 2.0（rev.1.0）,529.0,,,https://2a.zol-img.com.cn/product/205_320x240/278/cexj9cxmmWBHM.jpg,"主芯片组：Intel H310
音频芯片：集成Realtek ALC887 8声道音效芯片
内存类型：2×DDR4 DIMM
最大内存容量：32GB
主板板型：Micro ATX板型
外形尺寸：22.6×17.4cm
电源插口：一个4针，一个24针电源接口
供电模式：暂无数据",,,2025-04-27 18:05:12
10089908890453,华硕PRIME B250M-A,619.0,221.0,https://union-click.jd.com/sem.php?unionId=281&siteid=20170818001&to=https://item.jd.com/10089908890453.html,https://2a.zol-img.com.cn/product/225_320x240/716/cehbCqsIDD0bY.jpg,"主芯片组：Intel B250
音频芯片：集成Realtek ALC887 8声道音效芯片
内存类型：4×DDR4 DIMM
最大内存容量：64GB
主板板型：Micro ATX板型
外形尺寸：24.4×22.1cm
电源插口：一个4针，一个24针电源接口
供电模式：5相",华轩诚电子科技小店,200.0,2025-04-27 18:05:15
100082973291,微星B760M GAMING WIFI,1299.0,919.0,https://union-click.jd.com/sem.php?unionId=281&siteid=20170818001&to=https://item.jd.com/100082973291.html,https://2c.zol-img.com.cn/product/259_320x240/806/cepPwT3cdX42.jpg,"主芯片组：Intel B760
音频芯片：集成Realtek ALC897 7.1声道音效芯片
内存类型：2×DDR5 DIMM
最大内存容量：128GB
主板板型：Micro ATX板型
外形尺寸：22×24.384cm
电源插口：暂无数据
供电模式：暂无数据",微星京东自营旗舰店,100000.0,2025-04-27 18:05:27
100064771613,铭瑄 MS-B760M GAMING WIFI ACE,749.0,749.0,https://union-click.jd.com/sem.php?unionId=281&siteid=20170818001&to=https://item.jd.com/100064771613.html,https://2d.zol-img.com.cn/product/256_320x240/435/cezlrFIUKFA.jpg,"主芯片组：Intel B760
音频芯片：暂无数据
内存类型：2×DDR5 DIMM
最大内存容量：64GB
主板板型：Micro ATX板型
外形尺寸：暂无数据
电源插口：一个8针，一个24针电源接口
供电模式：暂无数据",铭瑄京东自营旗舰店,10000.0,2025-04-27 18:05:39
10063851015651,华硕ROG MAXIMUS Z790 HERO,5499.0,5399.0,https://union-click.jd.com/sem.php?unionId=281&siteid=20170818001&to=https://item.jd.com/10063851015651.html,https://2c.zol-img.com.cn/product/222_320x240/588/cel07BScp7gc2.jpg,"主芯片组：Intel Z790
音频芯片：集成Realtek ALC4080 音效芯片
内存类型：4×DDR5 DIMM
最大内存容量：128GB
主板板型：ATX板型
外形尺寸：暂无数据
电源插口：暂无数据
供电模式：暂无数据",余新电脑配件专营店,100.0,2025-04-27 18:05:51
100052779458,微星PRO H610M-E,549.0,499.0,https://union-click.jd.com/sem.php?unionId=281&siteid=20170818001&to=https://item.jd.com/100052779458.html,https://2e.zol-img.com.cn/product/269_320x240/262/ceS32BJk01ls.jpg,"主芯片组：Intel H610
音频芯片：集成Realtek ALC897 7.1声道音效芯片
内存类型：2×DDR5 DIMM
最大内存容量：96GB
主板板型：Micro ATX板型
外形尺寸：20.0×23.616cm
电源插口：一个8针，一个24针电源接口
供电模式：暂无数据",微星京东自营旗舰店,20000.0,2025-04-27 18:06:03
1745748375,华硕PRIME Z490-P,1699.0,,,https://2a.zol-img.com.cn/product/222_320x240/966/cepjXUtEvJ7PE.jpg,"主芯片组：Intel Z490
音频芯片：集成Realtek ALC887 8声道音效芯片
内存类型：4×DDR4 DIMM
最大内存容量：128GB
主板板型：ATX板型
外形尺寸：30.5×23.4cm
电源插口：一个4针，一个8针，一个24针电源接口
供电模式：暂无数据",,,2025-04-27 18:06:15
100085363360,msi微星X670E GAMING PLUS WIFI DDR5,1999.0,1899.0,https://union-click.jd.com/sem.php?unionId=281&siteid=20170818001&to=https://item.jd.com/100085363360.html,https://2a.zol-img.com.cn/product/269_320x240/896/cezspktsnpHCA.jpg,"主芯片组：AMD X670
音频芯片：集成Realtek ALC897 7.1环绕声道高保....>>
内存类型：4×DDR5 DIMM
最大内存容量：256GB
主板板型：ATX板型
外形尺寸：24.384×30.48cm
电源插口：两个8针，一个24针电源接口
供电模式：14+2+1相",微星京东自营旗舰店,50000.0,2025-04-27 18:06:20
100046988202,铭瑄 MS-挑战者B450M,389.0,379.0,https://union-click.jd.com/sem.php?unionId=281&siteid=20170818001&to=https://item.jd.com/100046988202.html,https://2a.zol-img.com.cn/product/234_320x240/0/celZcdm3nmsl.jpg,"主芯片组：AMD B450
音频芯片：集成Realtek 6声道音效芯片
内存类型：4×DDR4 DIMM
最大内存容量：暂无数据
主板板型：Micro ATX板型
外形尺寸：24.3×24.3cm
电源插口：暂无数据
供电模式：暂无数据",铭瑄京东自营旗舰店,20000.0,2025-04-27 18:06:55
1745748426,技嘉H310 D3,749.0,,,https://2d.zol-img.com.cn/product/190_320x240/755/ce7TscKsRqh3Y.jpg,"主芯片组：Intel H310
音频芯片：集成Realtek ALC887 8声道音效芯片
内存类型：2×DDR4 DIMM
最大内存容量：32GB
主板板型：ATX板型
外形尺寸：30.5×22.5cm
电源插口：一个8针，一个24针电源接口
供电模式：暂无数据",,,2025-04-27 18:07:06
100166181976,华硕ROG STRIX Z890-H GAMING WIFI S RO姬,2799.0,2799.0,https://union-click.jd.com/sem.php?unionId=281&siteid=20170818001&to=https://item.jd.com/100166181976.html,https://2a.zol-img.com.cn/product/270_320x240/976/ce1gkPIfUBgvw.jpg,"主芯片组：Intel Z890
音频芯片：集成Realtek ALC1220P 7.1声道音效芯....>>
内存类型：4×DDR5 DIMM
最大内存容量：256GB
主板板型：ATX板型
外形尺寸：30.5×24.4cm
电源插口：两个8针，一个24针电源接口
供电模式：16+1+2+2相",华硕京东自营旗舰店,50000.0,2025-04-27 18:07:09
100068307586,华硕PRIME H610M-A,749.0,749.0,https://union-click.jd.com/sem.php?unionId=281&siteid=20170818001&to=https://item.jd.com/100068307586.html,https://2e.zol-img.com.cn/product/269_320x240/486/ce8V75HZP2dbA.jpg,"主芯片组：Intel H610
音频芯片：集成Realtek 7.1声道音效芯片
内存类型：2×DDR5 DIMM
最大内存容量：96GB
主板板型：Micro ATX板型
外形尺寸：24.4×21.6cm
电源插口：一个8针，一个24针电源接口
供电模式：暂无数据",华硕京东自营旗舰店,50000.0,2025-04-27 18:07:55
1745748487,技嘉魔鹰B760M GAMING WIFI,1199.0,,,https://2f.zol-img.com.cn/product/249_320x240/987/cerrJ7k2FNOs.png,"主芯片组：Intel B760
音频芯片：集成Realtek 7.1声道音效芯片
内存类型：2×DDR5 DIMM
最大内存容量：96GB
主板板型：Micro ATX板型
外形尺寸：24.4×22.5cm
电源插口：一个8针，一个24针电源接口
供电模式：暂无数据",,,2025-04-27 18:08:07
10040004470822,华硕PRIME Z690-P,1999.0,1999.0,https://union-click.jd.com/sem.php?unionId=281&siteid=20170818001&to=https://item.jd.com/10040004470822.html,https://2c.zol-img.com.cn/product/221_320x240/988/ce30k2gEvwLP6.jpg,"主芯片组：Intel Z690
音频芯片：集成Realtek 7.1声道音效芯片
内存类型：4×DDR5 DIMM
最大内存容量：128GB
主板板型：ATX板型
外形尺寸：30.5×23.4cm
电源插口：暂无数据
供电模式：暂无数据",华硕（ASUS）电脑配件旗舰店,100.0,2025-04-27 18:08:11
10071503381003,七彩虹H610M-K M.2 V20,509.0,439.0,https://union-click.jd.com/sem.php?unionId=281&siteid=20170818001&to=https://item.jd.com/10071503381003.html,https://2d.zol-img.com.cn/product/239_320x240/685/cexAhnEZVu8E6.jpg,"主芯片组：Intel H610
音频芯片：暂无数据
内存类型：2×DDR4 DIMM
最大内存容量：64GB
主板板型：Micro ATX板型
外形尺寸：23.5×20.7cm
电源插口：暂无数据
供电模式：暂无数据",七彩虹旗舰店,1000.0,2025-04-27 18:08:23
10067768545096,华硕ROG STRIX B760-A GAMING WIFI D4,1899.0,1699.0,https://union-click.jd.com/sem.php?unionId=281&siteid=20170818001&to=https://item.jd.com/10067768545096.html,https://2c.zol-img.com.cn/product/226_320x240/206/ceJFi6ELJ6f2.jpg,"主芯片组：Intel B760
音频芯片：集成Realtek 7.1声道音效芯片
内存类型：4×DDR4 DIMM
最大内存容量：128GB
主板板型：ATX板型
外形尺寸：30.5×24.4cm
电源插口：一个4针，一个8针，一个24针电源接口
供电模式：暂无数据",华硕（ASUS）电脑配件旗舰店,55.0,2025-04-27 18:08:36
1745748527,技嘉Z370 HD3,848.0,,,https://2f.zol-img.com.cn/product/186_320x240/171/ceVpmyR1jiV7Q.jpg,"主芯片组：Intel Z370
音频芯片：集成Realtek ALC892 8声道音效芯片
内存类型：4×DDR4 DIMM
最大内存容量：64GB
主板板型：ATX板型
外形尺寸：30.5×22.5cm
电源插口：一个8针，一个24针电源接口
供电模式：4+3相",,,2025-04-27 18:08:47
10040004470823,华硕PRIME Z690-P D4,1899.0,1899.0,https://union-click.jd.com/sem.php?unionId=281&siteid=20170818001&to=https://item.jd.com/10040004470823.html,https://2e.zol-img.com.cn/product/221_320x240/668/ce0gBjVVDE7YI.jpg,"主芯片组：Intel Z690
音频芯片：集成Realtek 7.1声道音效芯片
内存类型：4×DDR4 DIMM
最大内存容量：128GB
主板板型：ATX板型
外形尺寸：30.5×23.4cm
电源插口：暂无数据
供电模式：暂无数据",华硕（ASUS）电脑配件旗舰店,100.0,2025-04-27 18:08:50
100144172394,华硕PRIME X870-P,2199.0,2199.0,https://union-click.jd.com/sem.php?unionId=281&siteid=20170818001&to=https://item.jd.com/100144172394.html,https://2f.zol-img.com.cn/product/269_320x240/939/ceFrRS8r7tIyA.png,"主芯片组：AMD X870
音频芯片：集成7.1声道音效芯片
内存类型：4×DDR5 DIMM
最大内存容量：192GB
主板板型：ATX板型
外形尺寸：30.5×24.4cm
电源插口：两个8针，一个24针电源接口
供电模式：14+2+1相",华硕京东自营旗舰店,200000.0,2025-04-27 18:09:02
10043265186653,微星MAG B660M MORTAR DDR4,1099.0,1029.0,https://union-click.jd.com/sem.php?unionId=281&siteid=20170818001&to=https://item.jd.com/10043265186653.html,https://2f.zol-img.com.cn/product/220_320x240/717/ce2E3KfHqRrzc.jpg,"主芯片组：Intel B660
音频芯片：集成Realtek ALC1200 7.1声道音效芯....>>
内存类型：4×DDR4 DIMM
最大内存容量：128GB
主板板型：Micro ATX板型
外形尺寸：24.4×24.4cm
电源插口：两个8针，一个24针电源接口
供电模式：暂无数据",卡姆利电脑DIY官方旗舰店,2000.0,2025-04-27 18:09:24
1745748576,微星MAG B365M MORTAR,549.0,,,https://2c.zol-img.com.cn/product/199_320x240/978/cexdqGeaq7g.jpg,"主芯片组：Intel B365
音频芯片：集成Realtek ALC887 7.1声道音效芯片
内存类型：4×DDR4 DIMM
最大内存容量：64GB
主板板型：Micro ATX板型
外形尺寸：24.4×24.4cm
电源插口：一个8针，一个24针电源接口
供电模式：六相",,,2025-04-27 18:09:36
10043887839915,微星PRO B660M-G DDR4,799.0,579.0,https://union-click.jd.com/sem.php?unionId=281&siteid=20170818001&to=https://item.jd.com/10043887839915.html,https://2c.zol-img.com.cn/product/220_320x240/454/cegm4Z6QsvUnA.jpg,"主芯片组：Intel B660
音频芯片：集成Realtek ALC897 7.1声道音效芯片
内存类型：2×DDR4 DIMM
最大内存容量：64GB
主板板型：Micro ATX板型
外形尺寸：24.4×22.0cm
电源插口：一个8针，一个24针电源接口
供电模式：暂无数据",卡姆利电脑DIY官方旗舰店,2000.0,2025-04-27 18:09:40
1745748592,技嘉B760M AORUS ELITE AX DDR4,1299.0,,,https://2e.zol-img.com.cn/product/226_320x240/24/ceqJZaw0qSY9Y.png,"主芯片组：Intel B760
音频芯片：集成Realtek 7.1声道音效芯片
内存类型：4×DDR4 DIMM
最大内存容量：128GB
主板板型：Micro ATX板型
外形尺寸：24.4×24.4cm
电源插口：一个4针，一个8针，一个24针电源接口
供电模式：暂无数据",,,2025-04-27 18:09:52
100040955482,技嘉B550M AORUS ELITE,699.0,629.0,https://union-click.jd.com/sem.php?unionId=281&siteid=20170818001&to=https://item.jd.com/100040955482.html,https://2f.zol-img.com.cn/product/222_320x240/237/ce8QjJGxJL6.jpg,"主芯片组：AMD B550
音频芯片：集成Realtek ALC887 7.1声道音效芯片
内存类型：4×DDR4 DIMM
最大内存容量：128GB
主板板型：Micro ATX板型
外形尺寸：24.4×24.4cm
电源插口：一个8针，一个24针电源接口
供电模式：暂无数据",技嘉京东自营官方旗舰店,50000.0,2025-04-27 18:09:56
65356957728,技嘉H81M-S1,439.0,499.0,https://union-click.jd.com/sem.php?unionId=281&siteid=20170818001&to=https://item.jd.com/65356957728.html,https://2c.zol-img.com.cn/product/118_320x240/128/cenTzxhKCMfI.jpg,"主芯片组：Intel H81
音频芯片：集成Realtek ALC887 8声道音效芯片
内存类型：2×DDR3 DIMM
最大内存容量：16GB
主板板型：Micro ATX板型
外形尺寸：22.6×17.0cm
电源插口：一个4针，一个24针电源接口
供电模式：暂无数据",新东海晨旭电脑配件专营店,79.0,2025-04-27 18:10:08
100100771991,铭瑄 MS-终结者 B760M GKD5 ICE,899.0,849.0,https://union-click.jd.com/sem.php?unionId=281&siteid=20170818001&to=https://item.jd.com/100100771991.html,https://2f.zol-img.com.cn/product/269_320x240/77/ce2u8Ik5PDLn6.jpg,"主芯片组：Intel B760
音频芯片：集成Realtek ALC897 音效芯片
内存类型：2×DDR5 DIMM
最大内存容量：96GB
主板板型：Micro ATX板型
外形尺寸：24.5×24.5cm
电源插口：一个4针，一个8针，一个24针电源接口
供电模式：8+1+1相",铭瑄京东自营旗舰店,50000.0,2025-04-27 18:10:21
100107248464,技嘉B760M AORUS ELITE AX-P,1199.0,1199.0,https://union-click.jd.com/sem.php?unionId=281&siteid=20170818001&to=https://item.jd.com/100107248464.html,https://2d.zol-img.com.cn/product/264_320x240/499/ceVXOIocCc2s6.jpg,"主芯片组：Intel B760
音频芯片：集成Realtek 7.1声道音效芯片
内存类型：4×DDR5 DIMM
最大内存容量：192GB
主板板型：Micro ATX板型
外形尺寸：24.4×24.4cm
电源插口：暂无数据
供电模式：暂无数据",技嘉京东自营官方旗舰店,100000.0,2025-04-27 18:10:33
72182332080,微星B450M-A PRO MAX,499.0,429.0,https://union-click.jd.com/sem.php?unionId=281&siteid=20170818001&to=https://item.jd.com/72182332080.html,https://2f.zol-img.com.cn/product/225_320x240/907/ceJPkGEIPjI.jpg,"主芯片组：AMD B450
音频芯片：集成Realtek ALC892 7.1声道音效芯片
内存类型：2×DDR4 DIMM
最大内存容量：32GB
主板板型：Micro ATX板型
外形尺寸：23.6×20cm
电源插口：一个4针，一个24针电源接口
供电模式：暂无数据",微星电脑硬件旗舰店,2000.0,2025-04-27 18:10:45
100144172374,华硕ROG STRIX X870-F GAMING WIFI,3399.0,3399.0,https://union-click.jd.com/sem.php?unionId=281&siteid=20170818001&to=https://item.jd.com/100144172374.html,https://2e.zol-img.com.cn/product/269_320x240/862/ceqfd9xyC1xX2.png,"主芯片组：AMD X870
音频芯片：集成Realtek ALC4080 7.1声道音效芯....>>
内存类型：4×DDR5 DIMM
最大内存容量：192GB
主板板型：ATX板型
外形尺寸：30.5×24.4cm
电源插口：两个8针，一个24针电源接口
供电模式：16+2+2相",华硕京东自营旗舰店,20000.0,2025-04-27 18:11:45
10061797994927,技嘉Z790 AORUS MASTER,5299.0,4499.0,https://union-click.jd.com/sem.php?unionId=281&siteid=20170818001&to=https://item.jd.com/10061797994927.html,https://2d.zol-img.com.cn/product/222_320x240/253/cetNMm49jdEg.jpg,"主芯片组：Intel Z790
音频芯片：集成Realtek ALC1220声道音效芯片
内存类型：4×DDR5 DIMM
最大内存容量：128GB
主板板型：E-ATX板型
外形尺寸：30.5×26cm
电源插口：暂无数据
供电模式：暂无数据",方园迪科卖场店,100.0,2025-04-27 18:12:03
100144626612,微星MPG X870E CARBON WIFI,3499.0,3499.0,https://union-click.jd.com/sem.php?unionId=281&siteid=20170818001&to=https://item.jd.com/100144626612.html,https://2f.zol-img.com.cn/product/269_320x240/707/ce0OWaVadLM9o.jpg,"主芯片组：AMD X870E
音频芯片：集成Realtek ALC4080 7.1声道音效芯....>>
内存类型：4×DDR5 DIMM
最大内存容量：256GB
主板板型：ATX板型
外形尺寸：24.384×30.48cm
电源插口：三个8针，一个24针电源接口
供电模式：18+2+1相",微星京东自营旗舰店,50000.0,2025-04-27 18:12:16
10109476490459,七彩虹BATTLE-AX B760M-G WHITE WIFI D5 V20,749.0,709.0,https://union-click.jd.com/sem.php?unionId=281&siteid=20170818001&to=https://item.jd.com/10109476490459.html,https://2d.zol-img.com.cn/product/269_320x240/821/ceedyhymsQr4o.jpg,"主芯片组：Intel B760
音频芯片：集成Realtek ALC897 5.1声道音效芯片
内存类型：2×DDR5 DIMM
最大内存容量：96GB
主板板型：Micro ATX板型
外形尺寸：24.5×21.0cm
电源插口：一个8针，一个24针电源接口
供电模式：暂无数据",COLORFUL iGame电竞旗舰店,1000.0,2025-04-27 18:12:38
100147219078,技嘉Z890M AORUS ELITE WIFI7,1999.0,1599.0,https://union-click.jd.com/sem.php?unionId=281&siteid=20170818001&to=https://item.jd.com/100147219078.html,https://2f.zol-img.com.cn/product/269_320x240/467/ceFHfVMtgQ.jpg,"主芯片组：Intel Z890
音频芯片：集成8声道音效芯片
内存类型：4×DDR5 DIMM
最大内存容量：暂无数据
主板板型：Micro ATX板型
外形尺寸：24.4×24.4cm
电源插口：两个8针，一个24针电源接口
供电模式：12+1+2相",技嘉京东自营官方旗舰店,100000.0,2025-04-27 18:13:01
1745748817,技嘉小雕 B560M AORUS ELITE,779.0,,,https://2b.zol-img.com.cn/product/221_320x240/495/cezt9bFd0O0xA.jpg,"主芯片组：Intel B560
音频芯片：集成Realtek 7.1声道音效芯片
内存类型：4×DDR4 DIMM
最大内存容量：128GB
主板板型：Micro ATX板型
外形尺寸：24.4×24.4cm
电源插口：一个8针，一个24针电源接口
供电模式：12+1相",,,2025-04-27 18:13:37
1745748820,华硕TUF GAMING B450M-PRO S,549.0,,,https://2e.zol-img.com.cn/product/221_320x240/964/ce9kVf8SiMg0c.jpg,"主芯片组：AMD B450
音频芯片：集成Realtek ALC S1200A 7.1声道音效....>>
内存类型：4×DDR4 DIMM
最大内存容量：128GB
主板板型：Micro ATX板型
外形尺寸：24.4×24.4cm
电源插口：一个8针，一个24针电源接口
供电模式：暂无数据",,,2025-04-27 18:13:40
100018847395,技嘉B660M D2H DDR4,829.0,829.0,https://union-click.jd.com/sem.php?unionId=281&siteid=20170818001&to=https://item.jd.com/100018847395.html,https://2d.zol-img.com.cn/product/220_320x240/35/ceE2i7WByHlt.jpg,"主芯片组：Intel B660
音频芯片：集成Realtek 7.1声道音效芯片
内存类型：2×DDR4 DIMM
最大内存容量：64GB
主板板型：Micro ATX板型
外形尺寸：22.5×24.4cm
电源插口：一个8针，一个24针电源接口
供电模式：暂无数据",技嘉京东自营官方旗舰店,500.0,2025-04-27 18:13:44
1745748846,华硕PRIME B360M-K,599.0,,,https://2e.zol-img.com.cn/product/190_320x240/990/cehvkKpBIykCI.jpg,"主芯片组：Intel B360
音频芯片：集成Realtek ALC887 8声道音效芯片
内存类型：2×DDR4 DIMM
最大内存容量：32GB
主板板型：Micro ATX板型
外形尺寸：22.6×18.5cm
电源插口：一个8针，一个24针电源接口
供电模式：五相",,,2025-04-27 18:14:06
1745748860,七彩虹CVN B760M FROZEN WIFI D5 V20,1299.0,,,https://2e.zol-img.com.cn/product/228_320x240/308/cecXXlm5zq7tc.jpg,"主芯片组：Intel B760
音频芯片：集成Realtek 5.1声道音效芯片
内存类型：4×DDR5 DIMM
最大内存容量：128GB
主板板型：Micro ATX板型
外形尺寸：24.5×24.5cm
电源插口：暂无数据
供电模式：暂无数据",,,2025-04-27 18:14:20
1745748863,铭瑄 MS-终结者 B550M,599.0,,,https://2d.zol-img.com.cn/product/221_320x240/507/ceOzG70fOiu9M.jpg,"主芯片组：AMD B550
音频芯片：集成Realtek ALC662 6声道音效芯片
内存类型：暂无数据
最大内存容量：暂无数据
主板板型：Micro ATX板型
外形尺寸：暂无数据
电源插口：一个8针，一个24针电源接口
供电模式：六相",,,2025-04-27 18:14:23
1745748866,技嘉B360M GAMING HD,649.0,,,https://2c.zol-img.com.cn/product/190_320x240/398/ceiFG65aUrxQk.jpg,"主芯片组：Intel B360
音频芯片：集成Realtek ALC887 8声道音效芯片
内存类型：2×DDR4 DIMM
最大内存容量：32GB
主板板型：Micro ATX板型
外形尺寸：22.6×18.5cm
电源插口：一个8针，一个24针电源接口
供电模式：3+3相",,,2025-04-27 18:14:26
1745748882,技嘉Z790 UD AX,2099.0,,,https://2f.zol-img.com.cn/product/249_320x240/315/celwRJNldywUA.png,"主芯片组：Intel Z790
音频芯片：集成Realtek 7.1声道音效芯片
内存类型：4×DDR5 DIMM
最大内存容量：128GB
主板板型：ATX板型
外形尺寸：30.5×24.4cm
电源插口：两个8针，一个24针电源接口
供电模式：暂无数据",,,2025-04-27 18:14:42
1745748945,技嘉B650E AORUS MASTER,3499.0,,,https://2c.zol-img.com.cn/product/222_320x240/768/cela5AnizYlg.jpg,"主芯片组：AMD B650
音频芯片：集成Realtek芯片
内存类型：4×DDR5 DIMM
最大内存容量：192GB
主板板型：Micro ATX板型
外形尺寸：24.0×24.0cm
电源插口：两个8针，一个24针电源接口
供电模式：暂无数据",,,2025-04-27 18:15:45
100041628605,技嘉B650M AORUS ELITE AX,1499.0,1249.0,https://union-click.jd.com/sem.php?unionId=281&siteid=20170818001&to=https://item.jd.com/100041628605.html,https://2c.zol-img.com.cn/product/222_320x240/786/ceCkmBrZML8w.jpg,"主芯片组：AMD B650
音频芯片：集成Realtek 7.1声道音效芯片
内存类型：4×DDR5 DIMM
最大内存容量：128GB
主板板型：Micro ATX板型
外形尺寸：24.4×24.4cm
电源插口：一个8针，一个24针电源接口
供电模式：暂无数据",技嘉京东自营官方旗舰店,50000.0,2025-04-27 18:15:48
1745748960,微星PRO B660M-E DDR4,679.0,,,https://2d.zol-img.com.cn/product/233_320x240/197/ce9YGUzp4odY.png,"主芯片组：Intel B660
音频芯片：集成Realtek ALC897 7.1声道音效芯片
内存类型：2×DDR4 DIMM
最大内存容量：64GB
主板板型：Micro ATX板型
外形尺寸：24.4×21.1cm
电源插口：一个8针，一个24针电源接口
供电模式：暂无数据",,,2025-04-27 18:16:00
100041693953,华硕ROG STRIX B650-A GAMING WIFI 吹雪,1999.0,1749.0,https://union-click.jd.com/sem.php?unionId=281&siteid=20170818001&to=https://item.jd.com/100041693953.html,https://2d.zol-img.com.cn/product/222_320x240/343/cexbtkcdUAKIg.jpg,"主芯片组：AMD B650
音频芯片：集成Realtek 7.1声道音效芯片
内存类型：4×DDR5 DIMM
最大内存容量：128GB
主板板型：ATX板型
外形尺寸：30.5×24.4cm
电源插口：一个4针，一个8针，一个24针电源接口
供电模式：暂无数据",华硕京东自营旗舰店,20000.0,2025-04-27 18:16:03
10114712165368,七彩虹BATTLE-AX B760M-T WIFI V20,599.0,599.0,https://union-click.jd.com/sem.php?unionId=281&siteid=20170818001&to=https://item.jd.com/10114712165368.html,https://2b.zol-img.com.cn/product/269_320x240/849/ceh4nseyNSiYM.jpg,"主芯片组：Intel B760
音频芯片：集成Realtek ALC897 5.1声道音效芯片
内存类型：2×DDR4 DIMM
最大内存容量：64GB
主板板型：Micro ATX板型
外形尺寸：23.5×19.6cm
电源插口：一个8针，一个24针电源接口
供电模式：暂无数据",七彩虹电竞旗舰店,500.0,2025-04-27 18:16:15
68984082117,华硕PRIME Z590-P,1599.0,729.0,https://union-click.jd.com/sem.php?unionId=281&siteid=20170818001&to=https://item.jd.com/68984082117.html,https://2b.zol-img.com.cn/product/221_320x240/543/ce5y2qK9bTXQU.jpg,"主芯片组：Intel Z590
音频芯片：集成Realtek ALC897 7.1声道音效芯片
内存类型：4×DDR4 DIMM
最大内存容量：128GB
主板板型：ATX板型
外形尺寸：30.5×23.4cm
电源插口：一个12针，一个24针电源接口
供电模式：10+1相",华硕（ASUS）电脑配件旗舰店,500.0,2025-04-27 18:16:41
1745749013,华硕TUF B450M-PLUS GAMING,799.0,,,https://2e.zol-img.com.cn/product/221_320x240/24/cebJV1ZotC.jpg,"主芯片组：AMD B450
音频芯片：集成Realtek ALC887-VD2 8声道音效芯....>>
内存类型：4×DDR4 DIMM
最大内存容量：128GB
主板板型：Micro ATX板型
外形尺寸：24.4×24.4cm
电源插口：一个8针，一个24针电源接口
供电模式：6相",,,2025-04-27 18:16:53
100111828812,七彩虹BATTLE-AX B650M-D PRO V14,649.0,599.0,https://union-click.jd.com/sem.php?unionId=281&siteid=20170818001&to=https://item.jd.com/100111828812.html,https://2e.zol-img.com.cn/product/244_320x240/308/ce9qfqqad89SU.jpg,"主芯片组：AMD B650
音频芯片：集成Realtek ALC897 高保真解码芯片....>>
内存类型：2×DDR5 DIMM
最大内存容量：96GB
主板板型：Micro ATX板型
外形尺寸：24.4×23.5cm
供电模式：7+2+1相
电源插口：暂无数据",七彩虹京东自营旗舰店,10000.0,2025-04-27 18:16:56
100128171904,铭瑄 MS-终结者 B650M WIFI6,799.0,749.0,https://union-click.jd.com/sem.php?unionId=281&siteid=20170818001&to=https://item.jd.com/100128171904.html,https://2c.zol-img.com.cn/product/269_320x240/744/ceHUnzxwPL8w.jpg,"主芯片组：Intel B650
音频芯片：集成Realtek ALC897 7.1声道音效芯片
内存类型：4×DDR5 DIMM
最大内存容量：192GB
主板板型：Micro ATX板型
外形尺寸：24.5×24.5cm
电源插口：一个8针，一个24针电源接口
供电模式：8+2+1相",铭瑄京东自营旗舰店,20000.0,2025-04-27 18:18:05
1745749108,微星PRO B660M-B DDR4,579.0,,,https://2b.zol-img.com.cn/product/269_320x240/835/cePiOkWWLaK96.png,"主芯片组：Intel B660
音频芯片：集成Realtek ALC897 7.1声道音效芯片
内存类型：2×DDR4 DIMM
最大内存容量：64GB
主板板型：Micro ATX板型
外形尺寸：24.4×22.0cm
电源插口：一个8针，一个24针电源接口
供电模式：暂无数据",,,2025-04-27 18:18:28
1745749122,七彩虹CVN B760M FROZEN WIFI V20,1249.0,,,https://2f.zol-img.com.cn/product/228_320x240/321/ceNUiulFD0tPA.jpg,"主芯片组：Intel B760
音频芯片：集成Realtek 5.1声道音效芯片
内存类型：4×DDR4 DIMM
最大内存容量：128GB
主板板型：Micro ATX板型
外形尺寸：24.5×24.5cm
电源插口：暂无数据
供电模式：暂无数据",,,2025-04-27 18:18:42
10038701318696,微星PRO Z690-P DDR4,1499.0,1049.0,https://union-click.jd.com/sem.php?unionId=281&siteid=20170818001&to=https://item.jd.com/10038701318696.html,https://2e.zol-img.com.cn/product/221_320x240/362/ceNEBfsjYQAk.jpg,"主芯片组：Intel Z690
音频芯片：集成Realtek ALC897 7.1声道音效芯片
内存类型：4×DDR4 DIMM
最大内存容量：128GB
主板板型：ATX板型
外形尺寸：30.5×24.4cm
电源插口：一个4针，一个8针，一个24针电源接口
供电模式：暂无数据",新东海晨旭电脑配件专营店,78.0,2025-04-27 18:18:44
1745749138,技嘉B365M D2V,729.0,,,https://2d.zol-img.com.cn/product/225_320x240/647/cehkzJYu1di2g.jpg,"主芯片组：Intel B365
音频芯片：集成Realtek ALC887 7.1声道音效芯片
内存类型：2×DDR4 DIMM
最大内存容量：32GB
主板板型：Micro ATX板型
外形尺寸：22.6×18.5cm
电源插口：一个8针，一个24针电源接口
供电模式：暂无数据",,,2025-04-27 18:18:58
10096193135039,华硕TUF GAMING Z790-PLUS WIFI,2199.0,2199.0,https://union-click.jd.com/sem.php?unionId=281&siteid=20170818001&to=https://item.jd.com/10096193135039.html,https://2d.zol-img.com.cn/product/222_320x240/721/ce5F1vj4nFsA6.jpg,"主芯片组：Intel Z790
音频芯片：集成Realtek ALC4080 音效芯片
内存类型：4×DDR5 DIMM
最大内存容量：128GB
主板板型：ATX板型
外形尺寸：暂无数据
电源插口：暂无数据
供电模式：暂无数据",华硕官方旗舰店,500.0,2025-04-27 18:19:14
10026620657305,微星PRO Z690-A DDR4,1699.0,1349.0,https://union-click.jd.com/sem.php?unionId=281&siteid=20170818001&to=https://item.jd.com/10026620657305.html,https://2a.zol-img.com.cn/product/221_320x240/958/cecjc3rLxuT66.jpg,"主芯片组：Intel Z690
音频芯片：集成Realtek ALC897 7.1声道音效芯片
内存类型：4×DDR4 DIMM
最大内存容量：128GB
主板板型：ATX板型
外形尺寸：30.5×24.4cm
电源插口：暂无数据
供电模式：暂无数据",微星恒懿专卖店,57.0,2025-04-27 18:19:27
10088165068571,华硕PRIME B460M-K,749.0,450.0,https://union-click.jd.com/sem.php?unionId=281&siteid=20170818001&to=https://item.jd.com/10088165068571.html,https://2a.zol-img.com.cn/product/222_320x240/154/ceQMbo5qfZx2M.jpg,"主芯片组：Intel B460
音频芯片：集成Realtek ALC887 7.1声道音效芯片
内存类型：2×DDR4 DIMM
最大内存容量：64GB
主板板型：Micro ATX板型
外形尺寸：22.6×21.1cm
电源插口：一个8针，一个24针电源接口
供电模式：暂无数据",木杉数码小店,31.0,2025-04-27 18:19:53
100057702345,微星B760M BOMBER WIFI,899.0,799.0,https://union-click.jd.com/sem.php?unionId=281&siteid=20170818001&to=https://item.jd.com/100057702345.html,https://2f.zol-img.com.cn/product/259_320x240/893/ceIoQlyjuJyRc.jpg,"主芯片组：Intel B760
音频芯片：集成Realtek ALC897 7.1声道音效芯片
内存类型：2×DDR5 DIMM
最大内存容量：64GB
主板板型：Micro ATX板型
外形尺寸：22×24.3cm
电源插口：暂无数据
供电模式：暂无数据",微星京东自营旗舰店,100000.0,2025-04-27 18:20:17
1745749238,微星H510M BOMBER,529.0,,,https://2e.zol-img.com.cn/product/221_320x240/916/ce8GbN5nRmtT.jpg,"主芯片组：Intel H510
音频芯片：集成Realtek ALC897 7.1声道音效芯片
内存类型：2×DDR4 DIMM
最大内存容量：64GB
主板板型：Micro ATX板型
外形尺寸：23.6×20.2cm
电源插口：一个8针，一个24针电源接口
供电模式：暂无数据",,,2025-04-27 18:20:38
1745749253,华硕TUF B360M-PLUS GAMING,679.0,,,https://2f.zol-img.com.cn/product/190_320x240/685/ceVBoSeYbBmMk.jpg,"主芯片组：Intel B360
音频芯片：集成Realtek ALC887 8声道音效芯片
内存类型：4×DDR4 DIMM
最大内存容量：64GB
主板板型：Micro ATX板型
外形尺寸：24.4×24.4cm
电源插口：一个8针，一个24针电源接口
供电模式：4+1相",,,2025-04-27 18:20:53
1474385898,技嘉H81M-DS2(rev.1.0),459.0,449.0,https://union-click.jd.com/sem.php?unionId=281&siteid=20170818001&to=https://item.jd.com/1474385898.html,https://2c.zol-img.com.cn/product/135_320x240/772/ceOC51vPNms.jpg,"主芯片组：Intel H81
音频芯片：集成Realtek ALC887 8声道音效芯片
内存类型：2×DDR3 DIMM
最大内存容量：16GB
主板板型：Micro ATX板型
外形尺寸：22.6×17.0cm
电源插口：一个4针，一个24针电源接口
供电模式：三相",方园迪科卖场店,200.0,2025-04-27 18:20:56
100033408570,技嘉B660M GAMING AC DDR4,899.0,899.0,https://union-click.jd.com/sem.php?unionId=281&siteid=20170818001&to=https://item.jd.com/100033408570.html,https://2e.zol-img.com.cn/product/220_320x240/6/ceXEmWlceXOKs.jpg,"主芯片组：Intel B660
音频芯片：集成Realtek 7.1声道音效芯片
内存类型：2×DDR4 DIMM
最大内存容量：64GB
主板板型：Micro ATX板型
外形尺寸：24.4×22.5cm
电源插口：一个8针，一个24针电源接口
供电模式：暂无数据",技嘉京东自营官方旗舰店,2000.0,2025-04-27 18:21:17
100144626614,微星MAG X870 TOMAHAWK WIFI,2499.0,2499.0,https://union-click.jd.com/sem.php?unionId=281&siteid=20170818001&to=https://item.jd.com/100144626614.html,https://2b.zol-img.com.cn/product/269_320x240/241/ceQMrstip53nI.jpg,"主芯片组：AMD X870
音频芯片：集成8（7.1）声道音效芯片，第五代电....>>
内存类型：4×DDR5 DIMM
最大内存容量：192GB
主板板型：ATX板型
外形尺寸：暂无数据
电源插口：两个8针，一个24针电源接口
供电模式：14+2+1相",微星京东自营旗舰店,50000.0,2025-04-27 18:21:50
10096462090005,技嘉Z790 EAGLE AX,1999.0,1499.0,https://union-click.jd.com/sem.php?unionId=281&siteid=20170818001&to=https://item.jd.com/10096462090005.html,https://2d.zol-img.com.cn/product/259_320x240/687/ce0OI0u9vfvc.jpg,"主芯片组：Intel Z790
音频芯片：集成Realtek音效芯片
内存类型：4×DDR5 DIMM
最大内存容量：192GB
主板板型：ATX板型
外形尺寸：30.5×24.4cm
电源插口：暂无数据
供电模式：暂无数据",技嘉电脑硬件旗舰店,100.0,2025-04-27 18:22:16
10077357462252,华南金牌X99-F8DPLUS,938.0,848.0,https://union-click.jd.com/sem.php?unionId=281&siteid=20170818001&to=https://item.jd.com/10077357462252.html,https://2e.zol-img.com.cn/product/252_320x240/708/cebz1EQDbB8U.jpg,"音频芯片：集成	7.1声道音效芯片
主芯片组：暂无数据
内存类型：8×DDR4 DIMM
最大内存容量：256GB
主板板型：E-ATX板型
外形尺寸：32.0×30.0cm
电源插口：一个8针，一个8针，一个24针电源接口
供电模式：8+8相",华南金牌旗舰店,2000.0,2025-04-27 18:22:50
1745749384,微星MAG B560M MORTAR WIFI,899.0,,,https://2a.zol-img.com.cn/product/220_320x240/640/ceK1rH6x0xLY.jpg,"主芯片组：Intel B560
音频芯片：集成Realtek ALC897 7.1声道音效芯片
内存类型：4×DDR4 DIMM
最大内存容量：128GB
主板板型：Micro ATX板型
外形尺寸：24.4×24.4cm
电源插口：一个4针，一个8针，一个24针电源接口
供电模式：暂无数据",,,2025-04-27 18:23:04
1745749387,华硕TUF B450M-PRO GAMING,589.0,,,https://2e.zol-img.com.cn/product/221_320x240/6/ceOhS2SD6nBUU.jpg,"主芯片组：AMD B450
音频芯片：集成Realtek ALCS1200A 8声道音效芯....>>
内存类型：4×DDR4 DIMM
最大内存容量：64GB
主板板型：Micro ATX板型
外形尺寸：24.4×24.4cm
电源插口：一个8针，一个24针电源接口
供电模式：暂无数据",,,2025-04-27 18:23:07
10090856963379,华硕PRIME Z790-P WIFI D4,1899.0,1457.0,https://union-click.jd.com/sem.php?unionId=281&siteid=20170818001&to=https://item.jd.com/10090856963379.html,https://2f.zol-img.com.cn/product/229_320x240/909/ceNhJ2V1mtuqI.png,"主芯片组：Intel Z790
音频芯片：集成Realtek 7.1声道音效芯片
内存类型：4×DDR4 DIMM
最大内存容量：128GB
主板板型：ATX板型
外形尺寸：30.5×23.4cm
电源插口：一个4针，一个8针，一个24针电源接口
供电模式：暂无数据",游戏国度DIY工作室,51.0,2025-04-27 18:23:23
100147219114,技嘉Z890 AORUS MASTER,4999.0,3739.0,https://union-click.jd.com/sem.php?unionId=281&siteid=20170818001&to=https://item.jd.com/100147219114.html,https://2f.zol-img.com.cn/product/269_320x240/449/ceO6g39Y0CZ7o.jpg,"主芯片组：Intel Z890
音频芯片：集成Realtek ALC1220+ESS9118芯片
内存类型：4×DDR5 DIMM
最大内存容量：暂无数据
主板板型：ATX板型
外形尺寸：30.5×24.4cm
电源插口：两个8针，一个24针电源接口
供电模式：18+1+2相",技嘉京东自营官方旗舰店,100000.0,2025-04-27 18:23:56
1745749470,微星B550M-A PRO,699.0,,,https://2a.zol-img.com.cn/product/224_320x240/744/ceqQabkeDGNI.jpg,"主芯片组：AMD B550
音频芯片：集成Realtek ALC892/ALC897 7.1声道....>>
内存类型：2×DDR4 DIMM
最大内存容量：64GB
主板板型：Micro ATX板型
外形尺寸：23.6×20.0cm
电源插口：一个8针，一个24针电源接口
供电模式：暂无数据",,,2025-04-27 18:24:30
10056147128390,微星PRO H610M-G DDR4,549.0,579.0,https://union-click.jd.com/sem.php?unionId=281&siteid=20170818001&to=https://item.jd.com/10056147128390.html,https://2f.zol-img.com.cn/product/269_320x240/245/ceWvo5OkwktCU.jpg,"主芯片组：Intel H610
音频芯片：集成Realtek ALC892/ALC897 7.1声道....>>
内存类型：2×DDR4 DIMM
最大内存容量：64GB
主板板型：Micro ATX板型
外形尺寸：23.6×20.2cm
电源插口：一个8针，一个24针电源接口
供电模式：暂无数据",微星电脑硬件旗舰店,2000.0,2025-04-27 18:25:07
1745749519,华硕PRIME Z370-P II,750.0,,,https://2b.zol-img.com.cn/product/193_320x240/211/ceCH78nsyMej.jpg,"主芯片组：Intel Z370
音频芯片：集成Realtek ALC887 8声道音效芯片
内存类型：4×DDR4 DIMM
最大内存容量：64GB
主板板型：ATX板型
外形尺寸：30.5×23.1cm
电源插口：一个8针，一个24针电源接口
供电模式：8+1相",,,2025-04-27 18:25:19
100064050299,微星PRO B760M-B DDR5,699.0,699.0,https://union-click.jd.com/sem.php?unionId=281&siteid=20170818001&to=https://item.jd.com/100064050299.html,https://2c.zol-img.com.cn/product/258_320x240/178/ceV4X2ZgwAeNI.jpg,"主芯片组：Intel B760
音频芯片：集成Realtek ALC897 7.1声道音效芯片
内存类型：2×DDR5 DIMM
最大内存容量：64GB
主板板型：Micro ATX板型
外形尺寸：20×23.6cm
电源插口：暂无数据
供电模式：暂无数据",微星京东自营旗舰店,10000.0,2025-04-27 18:25:22
10067427177498,七彩虹H610M-D EVO V21,489.0,439.0,https://union-click.jd.com/sem.php?unionId=281&siteid=20170818001&to=https://item.jd.com/10067427177498.html,https://2e.zol-img.com.cn/product/269_320x240/912/ce68Gx27KKonQ.jpg,"主芯片组：Intel H610
音频芯片：集成Realtek ALC897 5.1声道音效芯片
内存类型：2×DDR4 DIMM
最大内存容量：64GB
主板板型：Micro ATX板型
外形尺寸：22.5×19.5cm
电源插口：一个8针，一个24针电源接口
供电模式：暂无数据",七彩虹旗舰店,1000.0,2025-04-27 18:25:46
10099322249546,华硕PRIME H610M-F D4 R2.0,659.0,619.0,https://union-click.jd.com/sem.php?unionId=281&siteid=20170818001&to=https://item.jd.com/10099322249546.html,https://2d.zol-img.com.cn/product/269_320x240/515/ceF1srWTAoQLg.jpg,"主芯片组：Intel H610
音频芯片：集成Realtek 7.1声道音效芯片
内存类型：2×DDR4 DIMM
最大内存容量：64GB
主板板型：Micro ATX板型
外形尺寸：22.6×18.8cm
电源插口：一个4针，一个24针电源接口
供电模式：暂无数据",华硕（ASUS）电脑配件旗舰店,2000.0,2025-04-27 18:26:00
100141560633,微星MAG B850 TOMAHAWK MAX WIFI,2049.0,2049.0,https://union-click.jd.com/sem.php?unionId=281&siteid=20170818001&to=https://item.jd.com/100141560633.html,https://2e.zol-img.com.cn/product/271_320x240/442/ceIpUpRGphlO.png,"主芯片组：AMD B850
音频芯片：集成Realtek ALC4080 7.1声道音效芯....>>
内存类型：4×DDR5 DIMM
最大内存容量：256GB
主板板型：ATX板型
外形尺寸：30.48×24.384cm
电源插口：一个8针，一个24针电源接口
供电模式：14+2+1相",微星京东自营旗舰店,50000.0,2025-04-27 18:26:11
100168281582,华硕ROG STRIX B850-I GAMING WIFI,2599.0,2599.0,https://union-click.jd.com/sem.php?unionId=281&siteid=20170818001&to=https://item.jd.com/100168281582.html,https://2a.zol-img.com.cn/product/270_320x240/222/ceqv3chmgzlY.jpg,"主芯片组：AMD B850
音频芯片：集成Realtek ALC1220P 7.1声道音效芯....>>
内存类型：2×DDR5 DIMM
最大内存容量：96GB
主板板型：Mini-ITX板型
外形尺寸：17.0×17.0cm
电源插口：一个8针，一个24针电源接口
供电模式：10+2+1相",华硕京东自营旗舰店,20000.0,2025-04-27 18:26:35
100119905983,华硕PRIME X870-P WIFI,2299.0,2299.0,https://union-click.jd.com/sem.php?unionId=281&siteid=20170818001&to=https://item.jd.com/100119905983.html,https://2a.zol-img.com.cn/product/269_320x240/940/ceiBLOPzPuQk.png,"主芯片组：AMD X870
音频芯片：集成7.1声道音效芯片
内存类型：4×DDR5 DIMM
最大内存容量：192GB
主板板型：ATX板型
外形尺寸：30.5×24.4cm
电源插口：两个8针，一个24针电源接口
供电模式：14+2+1相",华硕京东自营旗舰店,200000.0,2025-04-27 18:27:09
10088894779455,华硕PRIME Z370-A,1899.0,292.0,https://union-click.jd.com/sem.php?unionId=281&siteid=20170818001&to=https://item.jd.com/10088894779455.html,https://2f.zol-img.com.cn/product/221_320x240/533/ceA83gKKNQ2ck.jpg,"主芯片组：Intel Z370
音频芯片：集成Realtek S1220 8声道音效芯片
内存类型：4×DDR4 DIMM
最大内存容量：64GB
主板板型：ATX板型
外形尺寸：30.5×24.4cm
电源插口：一个8针，一个24针电源接口
供电模式：6+4相",华轩诚电子科技小店,200.0,2025-04-27 18:27:31
10417116732,技嘉H110M-DS2,449.0,459.0,https://union-click.jd.com/sem.php?unionId=281&siteid=20170818001&to=https://item.jd.com/10417116732.html,https://2d.zol-img.com.cn/product/165_320x240/879/ceSX9mydri02Q.jpg,"主芯片组：Intel H110
音频芯片：集成Realtek ALC887 8声道音效芯片
内存类型：2×DDR3 DIMM
最大内存容量：32GB
主板板型：Micro ATX板型
外形尺寸：22.6×17.4cm
电源插口：一个8针，一个24针电源接口
供电模式：四相",方园迪科卖场店,200.0,2025-04-27 18:27:53
100144626616,微星PRO X870-P WIFI,2099.0,2099.0,https://union-click.jd.com/sem.php?unionId=281&siteid=20170818001&to=https://item.jd.com/100144626616.html,https://2f.zol-img.com.cn/product/269_320x240/281/ce3k3CRD4EFw.jpg,"主芯片组：AMD X870
音频芯片：集成8（7.1）声道音效芯片，第五代电....>>
内存类型：4×DDR5 DIMM
最大内存容量：192GB
主板板型：ATX板型
外形尺寸：暂无数据
电源插口：两个8针，一个24针电源接口
供电模式：14+2+1相",微星京东自营旗舰店,50000.0,2025-04-27 18:28:44
100041216114,华硕ROG STRIX B760-F GAMING WIFI,2199.0,1949.0,https://union-click.jd.com/sem.php?unionId=281&siteid=20170818001&to=https://item.jd.com/100041216114.html,https://2c.zol-img.com.cn/product/226_320x240/200/ceMYo7yrJMQnw.jpg,"主芯片组：Intel B760
音频芯片：集成Realtek 7.1声道音效芯片
内存类型：4×DDR5 DIMM
最大内存容量：128GB
主板板型：ATX板型
外形尺寸：30.5×24.4cm
电源插口：一个4针，一个8针，一个24针电源接口
供电模式：暂无数据",华硕京东自营旗舰店,50000.0,2025-04-27 18:28:56
100144172398,华硕ROG STRIX X870E-E GAMING WIFI,3899.0,3899.0,https://union-click.jd.com/sem.php?unionId=281&siteid=20170818001&to=https://item.jd.com/100144172398.html,https://2f.zol-img.com.cn/product/269_320x240/935/ceoMXd45NGgxE.png,"主芯片组：AMD X870E
音频芯片：集成Realtek ALC4080 7.1声道音效芯....>>
内存类型：4×DDR5 DIMM
最大内存容量：192GB
主板板型：ATX板型
外形尺寸：30.5×24.4cm
电源插口：两个8针，一个24针电源接口
供电模式：18+2+2相",华硕京东自营旗舰店,20000.0,2025-04-27 18:29:09
100132342380,技嘉B650M GAMING PLUS WIFI,999.0,999.0,https://union-click.jd.com/sem.php?unionId=281&siteid=20170818001&to=https://item.jd.com/100132342380.html,https://2b.zol-img.com.cn/product/269_320x240/303/ce1tTKtaFwlSY.jpg,"主芯片组：AMD B650
音频芯片：集成Realtek 7.1声道音效芯片
内存类型：4×DDR5 DIMM
最大内存容量：192GB
主板板型：Micro ATX板型
外形尺寸：24.4×24.4cm
电源插口：一个8针，一个24针电源接口
供电模式：5+2+2相",技嘉京东自营官方旗舰店,50000.0,2025-04-27 18:29:27
1745749780,华硕TUF GAMING X570-PLUS (WI-FI),1649.0,,,https://2e.zol-img.com.cn/product/221_320x240/878/cePZeDXUUtrso.jpg,"主芯片组：AMD X570
音频芯片：集成Realtek S1220A 8声道高保真音频....>>
内存类型：4×DDR4 DIMM
最大内存容量：128GB
主板板型：ATX板型
外形尺寸：30.5×24.4cm
电源插口：一个4针，一个8针，一个24针电源接口
供电模式：暂无数据",,,2025-04-27 18:29:40
1745749783,技嘉B360M D2V,769.0,,,https://2c.zol-img.com.cn/product/190_320x240/258/ce1fwdBA8eU.jpg,"主芯片组：Intel B360
音频芯片：集成Realtek ALC887 8声道音效芯片
内存类型：2×DDR4 DIMM
最大内存容量：32GB
主板板型：Micro ATX板型
外形尺寸：22.6×18.5cm
电源插口：一个8针，一个24针电源接口
供电模式：暂无数据",,,2025-04-27 18:29:43
100053893010,微星PRO B650M-P,949.0,849.0,https://union-click.jd.com/sem.php?unionId=281&siteid=20170818001&to=https://item.jd.com/100053893010.html,https://2a.zol-img.com.cn/product/269_320x240/922/cenk5r5dg9eAQ.jpg,"主芯片组：AMD B650
音频芯片：集成Realtek ALC897 7.1声道音效芯片
内存类型：4×DDR5 DIMM
最大内存容量：256GB
主板板型：Micro ATX板型
外形尺寸：24.384×24.384cm
电源插口：一个8针，一个24针电源接口
供电模式：暂无数据",微星京东自营旗舰店,50000.0,2025-04-27 18:29:57
1745749811,微星MAG B660M MORTAR WIFI DDR4,1099.0,,,https://2d.zol-img.com.cn/product/220_320x240/709/cekttqkNAfag.jpg,"主芯片组：Intel B660
音频芯片：集成Realtek ALC1200 7.1声道音效芯....>>
内存类型：4×DDR4 DIMM
最大内存容量：128GB
主板板型：Micro ATX板型
外形尺寸：24.4×24.4cm
电源插口：两个8针，一个24针电源接口
供电模式：暂无数据",,,2025-04-27 18:30:11
100091745457,微星MAG B650M MORTAR,1199.0,1149.0,https://union-click.jd.com/sem.php?unionId=281&siteid=20170818001&to=https://item.jd.com/100091745457.html,https://2a.zol-img.com.cn/product/269_320x240/838/ce6n4ZVoJs4kk.jpg,"主芯片组：AMD B650
音频芯片：集成Realtek ALC4080 7.1声道音效芯....>>
内存类型：4×DDR5 DIMM
最大内存容量：256GB
主板板型：Micro ATX板型
外形尺寸：24.384×24.384cm
电源插口：一个8针，一个8针，一个24针电源接口
供电模式：12+2+1相",微星京东自营旗舰店,50000.0,2025-04-27 18:30:26
100050619185,技嘉B760M AORUS ELITE AX,1349.0,1099.0,https://union-click.jd.com/sem.php?unionId=281&siteid=20170818001&to=https://item.jd.com/100050619185.html,https://2b.zol-img.com.cn/product/226_320x240/45/ce6dM58bBhqMc.png,"主芯片组：Intel B760
音频芯片：集成Realtek 7.1声道音效芯片
内存类型：4×DDR5 DIMM
最大内存容量：128GB
主板板型：Micro ATX板型
外形尺寸：24.4×24.4cm
电源插口：一个4针，一个8针，一个24针电源接口
供电模式：暂无数据",技嘉京东自营官方旗舰店,100000.0,2025-04-27 18:30:48
